datetime,BTC/USDT
2022-06-01 00:00:00,31925.5
2022-06-01 01:00:00,31914.9
2022-06-01 02:00:00,31794.1
2022-06-01 03:00:00,31624.0
2022-06-01 04:00:00,31556.4
2022-06-01 05:00:00,31612.9
2022-06-01 06:00:00,31575.8
2022-06-01 07:00:00,31479.6
2022-06-01 08:00:00,31605.6
2022-06-01 09:00:00,31680.1
2022-06-01 10:00:00,31538.6
2022-06-01 11:00:00,31596.0
2022-06-01 12:00:00,31709.2
2022-06-01 13:00:00,31719.4
2022-06-01 14:00:00,31160.5
2022-06-01 15:00:00,30733.7
2022-06-01 16:00:00,30409.7
2022-06-01 17:00:00,30163.2
2022-06-01 18:00:00,30165.4
2022-06-01 19:00:00,30116.5
2022-06-01 20:00:00,29623.6
2022-06-01 21:00:00,29582.7
2022-06-01 22:00:00,29731.5
2022-06-01 23:00:00,29796.9
2022-06-02 00:00:00,29671.2
2022-06-02 01:00:00,29797.0
2022-06-02 02:00:00,29809.9
2022-06-02 03:00:00,29718.4
2022-06-02 04:00:00,29799.9
2022-06-02 05:00:00,29860.0
2022-06-02 06:00:00,29898.6
2022-06-02 07:00:00,29952.8
2022-06-02 08:00:00,29922.2
2022-06-02 09:00:00,29917.7
2022-06-02 10:00:00,30016.8
2022-06-02 11:00:00,30157.8
2022-06-02 12:00:00,30076.5
2022-06-02 13:00:00,29880.4
2022-06-02 14:00:00,30041.6
2022-06-02 15:00:00,30194.4
2022-06-02 16:00:00,30275.9
2022-06-02 17:00:00,30180.4
2022-06-02 18:00:00,30126.1
2022-06-02 19:00:00,30272.2
2022-06-02 20:00:00,30230.8
2022-06-02 21:00:00,30348.1
2022-06-02 22:00:00,30469.7
2022-06-02 23:00:00,30437.1
2022-06-03 00:00:00,30385.9
2022-06-03 01:00:00,30614.0
2022-06-03 02:00:00,30534.0
2022-06-03 03:00:00,30510.5
2022-06-03 04:00:00,30410.7
2022-06-03 05:00:00,30524.9
2022-06-03 06:00:00,30349.9
2022-06-03 07:00:00,30424.3
2022-06-03 08:00:00,30428.9
2022-06-03 09:00:00,30242.8
2022-06-03 10:00:00,29813.6
2022-06-03 11:00:00,29744.0
2022-06-03 12:00:00,29520.2
2022-06-03 13:00:00,29705.0
2022-06-03 14:00:00,29462.2
2022-06-03 15:00:00,29486.7
2022-06-03 16:00:00,29528.2
2022-06-03 17:00:00,29488.3
2022-06-03 18:00:00,29533.7
2022-06-03 19:00:00,29560.5
2022-06-03 20:00:00,29648.5
2022-06-03 21:00:00,29789.0
2022-06-03 22:00:00,29719.5
2022-06-03 23:00:00,29682.8
2022-06-04 00:00:00,29697.9
2022-06-04 01:00:00,29573.3
2022-06-04 02:00:00,29555.6
2022-06-04 03:00:00,29543.2
2022-06-04 04:00:00,29700.0
2022-06-04 05:00:00,29668.5
2022-06-04 06:00:00,29682.0
2022-06-04 07:00:00,29690.5
2022-06-04 08:00:00,29734.9
2022-06-04 09:00:00,29712.7
2022-06-04 10:00:00,29714.6
2022-06-04 11:00:00,29669.7
2022-06-04 12:00:00,29520.5
2022-06-04 13:00:00,29590.2
2022-06-04 14:00:00,29765.2
2022-06-04 15:00:00,29839.9
2022-06-04 16:00:00,29737.1
2022-06-04 17:00:00,29693.5
2022-06-04 18:00:00,29755.6
2022-06-04 19:00:00,29642.6
2022-06-04 20:00:00,29739.0
2022-06-04 21:00:00,29831.1
2022-06-04 22:00:00,29794.6
2022-06-04 23:00:00,29848.4
2022-06-05 00:00:00,29725.0
2022-06-05 01:00:00,29679.0
2022-06-05 02:00:00,29780.9
2022-06-05 03:00:00,29756.2
2022-06-05 04:00:00,29704.9
2022-06-05 05:00:00,29777.3
2022-06-05 06:00:00,29721.2
2022-06-05 07:00:00,29630.6
2022-06-05 08:00:00,29678.1
2022-06-05 09:00:00,29626.2
2022-06-05 10:00:00,29628.7
2022-06-05 11:00:00,29700.7
2022-06-05 12:00:00,29703.3
2022-06-05 13:00:00,29647.4
2022-06-05 14:00:00,29771.4
2022-06-05 15:00:00,29958.3
2022-06-05 16:00:00,29858.8
2022-06-05 17:00:00,30011.3
2022-06-05 18:00:00,29985.5
2022-06-05 19:00:00,30036.3
2022-06-05 20:00:00,29929.5
2022-06-05 21:00:00,29947.9
2022-06-05 22:00:00,30005.2
2022-06-05 23:00:00,29909.9
2022-06-06 00:00:00,30285.3
2022-06-06 01:00:00,30833.8
2022-06-06 02:00:00,30909.0
2022-06-06 03:00:00,31235.0
2022-06-06 04:00:00,31212.5
2022-06-06 05:00:00,31158.3
2022-06-06 06:00:00,31260.4
2022-06-06 07:00:00,31277.9
2022-06-06 08:00:00,31455.4
2022-06-06 09:00:00,31461.4
2022-06-06 10:00:00,31471.9
2022-06-06 11:00:00,31392.0
2022-06-06 12:00:00,31400.0
2022-06-06 13:00:00,31437.1
2022-06-06 14:00:00,31491.4
2022-06-06 15:00:00,31529.8
2022-06-06 16:00:00,31302.3
2022-06-06 17:00:00,31339.9
2022-06-06 18:00:00,31341.7
2022-06-06 19:00:00,31466.9
2022-06-06 20:00:00,31454.6
2022-06-06 21:00:00,31479.3
2022-06-06 22:00:00,31392.7
2022-06-06 23:00:00,31361.2
2022-06-07 00:00:00,30195.0
2022-06-07 01:00:00,29551.7
2022-06-07 02:00:00,29378.7
2022-06-07 03:00:00,29547.5
2022-06-07 04:00:00,29509.1
2022-06-07 05:00:00,29460.1
2022-06-07 06:00:00,29502.4
2022-06-07 07:00:00,29569.0
2022-06-07 08:00:00,29631.1
2022-06-07 09:00:00,29549.0
2022-06-07 10:00:00,29583.0
2022-06-07 11:00:00,29504.5
2022-06-07 12:00:00,29490.5
2022-06-07 13:00:00,29549.6
2022-06-07 14:00:00,29892.1
2022-06-07 15:00:00,29876.0
2022-06-07 16:00:00,29898.2
2022-06-07 17:00:00,29927.9
2022-06-07 18:00:00,30172.2
2022-06-07 19:00:00,31050.5
2022-06-07 20:00:00,31350.0
2022-06-07 21:00:00,31398.6
2022-06-07 22:00:00,31257.4
2022-06-07 23:00:00,31118.1
2022-06-08 00:00:00,31075.0
2022-06-08 01:00:00,31112.0
2022-06-08 02:00:00,30966.6
2022-06-08 03:00:00,30006.0
2022-06-08 04:00:00,30228.8
2022-06-08 05:00:00,30534.3
2022-06-08 06:00:00,30519.8
2022-06-08 07:00:00,30547.9
2022-06-08 08:00:00,30494.4
2022-06-08 09:00:00,30514.9
2022-06-08 10:00:00,30374.5
2022-06-08 11:00:00,30399.2
2022-06-08 12:00:00,30127.5
2022-06-08 13:00:00,30754.5
2022-06-08 14:00:00,30411.3
2022-06-08 15:00:00,30458.0
2022-06-08 16:00:00,30327.0
2022-06-08 17:00:00,30371.3
2022-06-08 18:00:00,30224.6
2022-06-08 19:00:00,30127.6
2022-06-08 20:00:00,30192.0
2022-06-08 21:00:00,30409.1
2022-06-08 22:00:00,30300.0
2022-06-08 23:00:00,30192.5
2022-06-09 00:00:00,30211.0
2022-06-09 01:00:00,30076.5
2022-06-09 02:00:00,30188.3
2022-06-09 03:00:00,30283.0
2022-06-09 04:00:00,30248.7
2022-06-09 05:00:00,30305.0
2022-06-09 06:00:00,30321.0
2022-06-09 07:00:00,30477.3
2022-06-09 08:00:00,30496.5
2022-06-09 09:00:00,30534.1
2022-06-09 10:00:00,30423.9
2022-06-09 11:00:00,30286.7
2022-06-09 12:00:00,30102.9
2022-06-09 13:00:00,30157.9
2022-06-09 14:00:00,30105.8
2022-06-09 15:00:00,30285.8
2022-06-09 16:00:00,30330.0
2022-06-09 17:00:00,30311.0
2022-06-09 18:00:00,30138.3
2022-06-09 19:00:00,30003.8
2022-06-09 20:00:00,30178.9
2022-06-09 21:00:00,30125.9
2022-06-09 22:00:00,30058.9
2022-06-09 23:00:00,30093.3
2022-06-10 00:00:00,29737.9
2022-06-10 01:00:00,29869.4
2022-06-10 02:00:00,30008.9
2022-06-10 03:00:00,30102.0
2022-06-10 04:00:00,30081.0
2022-06-10 05:00:00,30088.7
2022-06-10 06:00:00,30087.8
2022-06-10 07:00:00,30041.6
2022-06-10 08:00:00,30015.9
2022-06-10 09:00:00,29888.6
2022-06-10 10:00:00,29991.9
2022-06-10 11:00:00,30005.5
2022-06-10 12:00:00,29631.7
2022-06-10 13:00:00,29385.0
2022-06-10 14:00:00,29545.6
2022-06-10 15:00:00,29438.2
2022-06-10 16:00:00,29034.0
2022-06-10 17:00:00,29104.1
2022-06-10 18:00:00,29044.5
2022-06-10 19:00:00,28970.5
2022-06-10 20:00:00,29184.3
2022-06-10 21:00:00,29178.0
2022-06-10 22:00:00,29160.1
2022-06-10 23:00:00,29077.7
2022-06-11 00:00:00,29220.1
2022-06-11 01:00:00,29193.9
2022-06-11 02:00:00,29253.2
2022-06-11 03:00:00,29258.4
2022-06-11 04:00:00,29363.0
2022-06-11 05:00:00,29269.3
2022-06-11 06:00:00,29294.3
2022-06-11 07:00:00,29309.0
2022-06-11 08:00:00,28994.9
2022-06-11 09:00:00,29063.6
2022-06-11 10:00:00,28913.5
2022-06-11 11:00:00,28723.9
2022-06-11 12:00:00,28454.8
2022-06-11 13:00:00,28760.1
2022-06-11 14:00:00,28410.8
2022-06-11 15:00:00,28392.3
2022-06-11 16:00:00,28459.8
2022-06-11 17:00:00,28485.7
2022-06-11 18:00:00,28598.7
2022-06-11 19:00:00,28581.0
2022-06-11 20:00:00,28397.2
2022-06-11 21:00:00,28550.0
2022-06-11 22:00:00,28624.1
2022-06-11 23:00:00,28416.7
2022-06-12 00:00:00,28496.0
2022-06-12 01:00:00,28229.6
2022-06-12 02:00:00,27409.5
2022-06-12 03:00:00,27538.2
2022-06-12 04:00:00,27422.4
2022-06-12 05:00:00,27258.3
2022-06-12 06:00:00,27466.0
2022-06-12 07:00:00,27629.4
2022-06-12 08:00:00,27553.6
2022-06-12 09:00:00,27459.5
2022-06-12 10:00:00,27435.1
2022-06-12 11:00:00,27443.8
2022-06-12 12:00:00,27422.0
2022-06-12 13:00:00,27302.4
2022-06-12 14:00:00,27798.6
2022-06-12 15:00:00,28077.8
2022-06-12 16:00:00,27923.0
2022-06-12 17:00:00,28111.7
2022-06-12 18:00:00,27896.9
2022-06-12 19:00:00,27410.0
2022-06-12 20:00:00,27366.3
2022-06-12 21:00:00,27360.4
2022-06-12 22:00:00,26982.5
2022-06-12 23:00:00,26564.7
2022-06-13 00:00:00,26291.3
2022-06-13 01:00:00,25758.7
2022-06-13 02:00:00,25331.8
2022-06-13 03:00:00,25500.0
2022-06-13 04:00:00,25373.3
2022-06-13 05:00:00,25221.6
2022-06-13 06:00:00,25345.3
2022-06-13 07:00:00,24801.2
2022-06-13 08:00:00,24172.9
2022-06-13 09:00:00,24038.4
2022-06-13 10:00:00,23978.0
2022-06-13 11:00:00,23718.3
2022-06-13 12:00:00,23668.8
2022-06-13 13:00:00,23642.7
2022-06-13 14:00:00,22789.7
2022-06-13 15:00:00,23253.1
2022-06-13 16:00:00,23722.8
2022-06-13 17:00:00,23525.7
2022-06-13 18:00:00,23369.5
2022-06-13 19:00:00,23200.1
2022-06-13 20:00:00,23238.6
2022-06-13 21:00:00,23050.1
2022-06-13 22:00:00,22575.8
2022-06-13 23:00:00,22471.5
2022-06-14 00:00:00,21740.2
2022-06-14 01:00:00,20834.7
2022-06-14 02:00:00,21530.0
2022-06-14 03:00:00,22106.5
2022-06-14 04:00:00,21963.9
2022-06-14 05:00:00,22739.3
2022-06-14 06:00:00,22621.8
2022-06-14 07:00:00,22863.2
2022-06-14 08:00:00,22599.8
2022-06-14 09:00:00,22290.7
2022-06-14 10:00:00,22372.7
2022-06-14 11:00:00,21980.0
2022-06-14 12:00:00,22141.4
2022-06-14 13:00:00,22397.8
2022-06-14 14:00:00,22499.8
2022-06-14 15:00:00,22672.6
2022-06-14 16:00:00,22474.9
2022-06-14 17:00:00,22347.8
2022-06-14 18:00:00,22281.8
2022-06-14 19:00:00,22182.0
2022-06-14 20:00:00,21981.5
2022-06-14 21:00:00,21468.6
2022-06-14 22:00:00,21580.6
2022-06-14 23:00:00,22122.7
2022-06-15 00:00:00,21799.8
2022-06-15 01:00:00,22152.8
2022-06-15 02:00:00,21974.0
2022-06-15 03:00:00,21442.3
2022-06-15 04:00:00,21133.7
2022-06-15 05:00:00,21210.4
2022-06-15 06:00:00,21321.3
2022-06-15 07:00:00,20707.5
2022-06-15 08:00:00,20255.4
2022-06-15 09:00:00,20232.6
2022-06-15 10:00:00,20566.7
2022-06-15 11:00:00,21163.8
2022-06-15 12:00:00,21183.6
2022-06-15 13:00:00,21547.0
2022-06-15 14:00:00,21202.4
2022-06-15 15:00:00,21408.8
2022-06-15 16:00:00,20714.6
2022-06-15 17:00:00,21110.0
2022-06-15 18:00:00,21529.1
2022-06-15 19:00:00,21617.3
2022-06-15 20:00:00,21674.2
2022-06-15 21:00:00,22197.5
2022-06-15 22:00:00,22460.3
2022-06-15 23:00:00,22567.5
2022-06-16 00:00:00,22658.9
2022-06-16 01:00:00,22359.0
2022-06-16 02:00:00,22445.0
2022-06-16 03:00:00,22197.5
2022-06-16 04:00:00,22084.9
2022-06-16 05:00:00,21931.9
2022-06-16 06:00:00,21788.4
2022-06-16 07:00:00,21748.9
2022-06-16 08:00:00,21773.8
2022-06-16 09:00:00,21266.5
2022-06-16 10:00:00,21232.9
2022-06-16 11:00:00,21028.1
2022-06-16 12:00:00,21128.6
2022-06-16 13:00:00,21004.5
2022-06-16 14:00:00,20914.7
2022-06-16 15:00:00,21067.0
2022-06-16 16:00:00,21170.2
2022-06-16 17:00:00,21051.8
2022-06-16 18:00:00,21014.8
2022-06-16 19:00:00,20862.2
2022-06-16 20:00:00,20698.4
2022-06-16 21:00:00,20675.5
2022-06-16 22:00:00,20356.6
2022-06-16 23:00:00,20387.4
2022-06-17 00:00:00,20353.6
2022-06-17 01:00:00,20866.1
2022-06-17 02:00:00,20568.5
2022-06-17 03:00:00,20369.0
2022-06-17 04:00:00,20519.1
2022-06-17 05:00:00,20793.8
2022-06-17 06:00:00,20881.5
2022-06-17 07:00:00,21087.5
2022-06-17 08:00:00,21056.8
2022-06-17 09:00:00,20963.4
2022-06-17 10:00:00,21108.4
2022-06-17 11:00:00,20963.9
2022-06-17 12:00:00,20645.1
2022-06-17 13:00:00,20791.0
2022-06-17 14:00:00,20535.5
2022-06-17 15:00:00,20656.0
2022-06-17 16:00:00,20564.8
2022-06-17 17:00:00,20582.9
2022-06-17 18:00:00,20512.6
2022-06-17 19:00:00,20506.6
2022-06-17 20:00:00,20641.0
2022-06-17 21:00:00,20547.0
2022-06-17 22:00:00,20441.7
2022-06-17 23:00:00,20457.3
2022-06-18 00:00:00,20561.4
2022-06-18 01:00:00,20381.9
2022-06-18 02:00:00,20464.2
2022-06-18 03:00:00,20450.0
2022-06-18 04:00:00,20482.7
2022-06-18 05:00:00,20416.5
2022-06-18 06:00:00,19419.8
2022-06-18 07:00:00,19244.9
2022-06-18 08:00:00,18997.6
2022-06-18 09:00:00,19156.5
2022-06-18 10:00:00,19382.8
2022-06-18 11:00:00,19237.0
2022-06-18 12:00:00,19147.3
2022-06-18 13:00:00,19190.4
2022-06-18 14:00:00,19070.5
2022-06-18 15:00:00,18946.6
2022-06-18 16:00:00,18866.2
2022-06-18 17:00:00,18609.9
2022-06-18 18:00:00,18203.7
2022-06-18 19:00:00,18059.4
2022-06-18 20:00:00,17798.0
2022-06-18 21:00:00,18503.9
2022-06-18 22:00:00,19173.6
2022-06-18 23:00:00,18959.7
2022-06-19 00:00:00,18960.1
2022-06-19 01:00:00,18473.9
2022-06-19 02:00:00,18367.8
2022-06-19 03:00:00,18299.8
2022-06-19 04:00:00,18496.2
2022-06-19 05:00:00,18114.9
2022-06-19 06:00:00,18250.1
2022-06-19 07:00:00,18297.2
2022-06-19 08:00:00,18657.9
2022-06-19 09:00:00,18994.4
2022-06-19 10:00:00,19888.2
2022-06-19 11:00:00,19685.4
2022-06-19 12:00:00,19338.5
2022-06-19 13:00:00,19172.9
2022-06-19 14:00:00,19460.0
2022-06-19 15:00:00,19816.3
2022-06-19 16:00:00,19514.1
2022-06-19 17:00:00,19438.9
2022-06-19 18:00:00,20237.4
2022-06-19 19:00:00,20111.2
2022-06-19 20:00:00,20634.0
2022-06-19 21:00:00,20387.1
2022-06-19 22:00:00,20683.0
2022-06-19 23:00:00,20564.2
2022-06-20 00:00:00,20054.2
2022-06-20 01:00:00,19788.6
2022-06-20 02:00:00,19936.3
2022-06-20 03:00:00,19966.7
2022-06-20 04:00:00,19850.1
2022-06-20 05:00:00,20094.3
2022-06-20 06:00:00,20126.4
2022-06-20 07:00:00,20076.7
2022-06-20 08:00:00,20554.3
2022-06-20 09:00:00,20643.3
2022-06-20 10:00:00,20876.3
2022-06-20 11:00:00,20791.0
2022-06-20 12:00:00,20542.4
2022-06-20 13:00:00,20516.8
2022-06-20 14:00:00,20832.7
2022-06-20 15:00:00,20815.4
2022-06-20 16:00:00,20269.9
2022-06-20 17:00:00,19968.7
2022-06-20 18:00:00,20036.8
2022-06-20 19:00:00,20064.3
2022-06-20 20:00:00,20446.0
2022-06-20 21:00:00,20412.5
2022-06-20 22:00:00,20483.1
2022-06-20 23:00:00,20570.1
2022-06-21 00:00:00,20666.4
2022-06-21 01:00:00,20661.0
2022-06-21 02:00:00,20424.8
2022-06-21 03:00:00,20604.4
2022-06-21 04:00:00,20649.1
2022-06-21 05:00:00,20880.0
2022-06-21 06:00:00,21179.9
2022-06-21 07:00:00,21107.7
2022-06-21 08:00:00,21345.8
2022-06-21 09:00:00,21191.1
2022-06-21 10:00:00,21287.1
2022-06-21 11:00:00,20953.2
2022-06-21 12:00:00,21089.0
2022-06-21 13:00:00,21604.6
2022-06-21 14:00:00,21578.4
2022-06-21 15:00:00,21382.8
2022-06-21 16:00:00,21390.0
2022-06-21 17:00:00,21232.1
2022-06-21 18:00:00,21095.5
2022-06-21 19:00:00,20879.5
2022-06-21 20:00:00,20851.2
2022-06-21 21:00:00,20960.1
2022-06-21 22:00:00,20885.6
2022-06-21 23:00:00,20713.1
2022-06-22 00:00:00,20580.0
2022-06-22 01:00:00,20405.0
2022-06-22 02:00:00,20458.5
2022-06-22 03:00:00,20309.0
2022-06-22 04:00:00,20424.5
2022-06-22 05:00:00,20359.6
2022-06-22 06:00:00,20103.5
2022-06-22 07:00:00,20091.6
2022-06-22 08:00:00,20226.2
2022-06-22 09:00:00,20415.7
2022-06-22 10:00:00,20410.4
2022-06-22 11:00:00,20497.5
2022-06-22 12:00:00,20352.6
2022-06-22 13:00:00,20715.4
2022-06-22 14:00:00,20685.9
2022-06-22 15:00:00,20075.4
2022-06-22 16:00:00,20310.8
2022-06-22 17:00:00,20255.4
2022-06-22 18:00:00,20210.0
2022-06-22 19:00:00,20103.0
2022-06-22 20:00:00,19871.8
2022-06-22 21:00:00,19995.3
2022-06-22 22:00:00,20088.4
2022-06-22 23:00:00,19977.4
2022-06-23 00:00:00,20407.4
2022-06-23 01:00:00,20366.6
2022-06-23 02:00:00,20350.1
2022-06-23 03:00:00,20202.9
2022-06-23 04:00:00,20345.5
2022-06-23 05:00:00,20338.0
2022-06-23 06:00:00,20537.6
2022-06-23 07:00:00,20446.2
2022-06-23 08:00:00,20560.5
2022-06-23 09:00:00,20738.7
2022-06-23 10:00:00,20685.8
2022-06-23 11:00:00,20629.5
2022-06-23 12:00:00,20553.7
2022-06-23 13:00:00,20452.1
2022-06-23 14:00:00,20598.0
2022-06-23 15:00:00,20339.9
2022-06-23 16:00:00,20275.8
2022-06-23 17:00:00,20305.9
2022-06-23 18:00:00,20418.9
2022-06-23 19:00:00,20900.5
2022-06-23 20:00:00,20805.9
2022-06-23 21:00:00,20676.4
2022-06-23 22:00:00,20983.4
2022-06-23 23:00:00,21096.6
2022-06-24 00:00:00,20999.4
2022-06-24 01:00:00,21038.4
2022-06-24 02:00:00,21164.1
2022-06-24 03:00:00,21066.3
2022-06-24 04:00:00,21040.0
2022-06-24 05:00:00,20908.0
2022-06-24 06:00:00,20834.4
2022-06-24 07:00:00,20903.9
2022-06-24 08:00:00,21039.9
2022-06-24 09:00:00,20816.7
2022-06-24 10:00:00,20983.5
2022-06-24 11:00:00,21165.0
2022-06-24 12:00:00,21206.4
2022-06-24 13:00:00,21188.3
2022-06-24 14:00:00,21118.1
2022-06-24 15:00:00,20875.4
2022-06-24 16:00:00,21032.4
2022-06-24 17:00:00,20962.9
2022-06-24 18:00:00,21116.8
2022-06-24 19:00:00,21241.9
2022-06-24 20:00:00,21188.3
2022-06-24 21:00:00,21306.6
2022-06-24 22:00:00,21296.8
2022-06-24 23:00:00,21231.2
2022-06-25 00:00:00,21183.4
2022-06-25 01:00:00,21319.9
2022-06-25 02:00:00,21167.0
2022-06-25 03:00:00,21295.0
2022-06-25 04:00:00,21226.3
2022-06-25 05:00:00,21208.0
2022-06-25 06:00:00,21296.9
2022-06-25 07:00:00,21495.5
2022-06-25 08:00:00,21383.1
2022-06-25 09:00:00,21423.1
2022-06-25 10:00:00,21425.1
2022-06-25 11:00:00,21329.1
2022-06-25 12:00:00,21142.7
2022-06-25 13:00:00,21159.0
2022-06-25 14:00:00,21120.0
2022-06-25 15:00:00,20958.9
2022-06-25 16:00:00,21042.1
2022-06-25 17:00:00,21087.6
2022-06-25 18:00:00,21226.1
2022-06-25 19:00:00,21195.5
2022-06-25 20:00:00,21214.3
2022-06-25 21:00:00,21508.1
2022-06-25 22:00:00,21424.0
2022-06-25 23:00:00,21481.9
2022-06-26 00:00:00,21461.2
2022-06-26 01:00:00,21387.9
2022-06-26 02:00:00,21346.2
2022-06-26 03:00:00,21415.1
2022-06-26 04:00:00,21414.6
2022-06-26 05:00:00,21431.7
2022-06-26 06:00:00,21470.5
2022-06-26 07:00:00,21390.1
2022-06-26 08:00:00,21444.9
2022-06-26 09:00:00,21405.4
2022-06-26 10:00:00,21410.1
2022-06-26 11:00:00,21699.5
2022-06-26 12:00:00,21447.3
2022-06-26 13:00:00,21395.1
2022-06-26 14:00:00,21403.0
2022-06-26 15:00:00,21314.2
2022-06-26 16:00:00,21344.2
2022-06-26 17:00:00,21251.4
2022-06-26 18:00:00,21177.3
2022-06-26 19:00:00,21273.6
2022-06-26 20:00:00,21388.9
2022-06-26 21:00:00,21372.2
2022-06-26 22:00:00,21136.9
2022-06-26 23:00:00,21029.1
2022-06-27 00:00:00,21039.9
2022-06-27 01:00:00,21079.9
2022-06-27 02:00:00,21123.4
2022-06-27 03:00:00,21160.9
2022-06-27 04:00:00,21235.9
2022-06-27 05:00:00,21173.0
2022-06-27 06:00:00,21258.0
2022-06-27 07:00:00,21354.9
2022-06-27 08:00:00,21476.5
2022-06-27 09:00:00,21443.0
2022-06-27 10:00:00,21428.3
2022-06-27 11:00:00,21298.2
2022-06-27 12:00:00,21231.6
2022-06-27 13:00:00,20729.9
2022-06-27 14:00:00,20806.0
2022-06-27 15:00:00,20744.0
2022-06-27 16:00:00,20746.4
2022-06-27 17:00:00,20711.9
2022-06-27 18:00:00,20812.1
2022-06-27 19:00:00,20845.8
2022-06-27 20:00:00,20905.9
2022-06-27 21:00:00,20789.1
2022-06-27 22:00:00,20801.9
2022-06-27 23:00:00,20730.0
2022-06-28 00:00:00,20760.7
2022-06-28 01:00:00,20609.6
2022-06-28 02:00:00,20632.0
2022-06-28 03:00:00,20722.6
2022-06-28 04:00:00,20758.3
2022-06-28 05:00:00,20730.0
2022-06-28 06:00:00,20848.1
2022-06-28 07:00:00,20868.2
2022-06-28 08:00:00,21102.0
2022-06-28 09:00:00,21050.0
2022-06-28 10:00:00,21014.1
2022-06-28 11:00:00,20987.9
2022-06-28 12:00:00,20942.6
2022-06-28 13:00:00,21044.4
2022-06-28 14:00:00,20840.5
2022-06-28 15:00:00,20595.4
2022-06-28 16:00:00,20701.8
2022-06-28 17:00:00,20622.4
2022-06-28 18:00:00,20341.5
2022-06-28 19:00:00,20246.6
2022-06-28 20:00:00,20269.0
2022-06-28 21:00:00,20384.0
2022-06-28 22:00:00,20300.8
2022-06-28 23:00:00,20268.6
2022-06-29 00:00:00,20283.2
2022-06-29 01:00:00,20345.1
2022-06-29 02:00:00,20335.3
2022-06-29 03:00:00,20275.9
2022-06-29 04:00:00,20297.1
2022-06-29 05:00:00,20177.7
2022-06-29 06:00:00,19937.8
2022-06-29 07:00:00,20080.6
2022-06-29 08:00:00,19985.8
2022-06-29 09:00:00,20056.9
2022-06-29 10:00:00,20087.0
2022-06-29 11:00:00,20096.9
2022-06-29 12:00:00,20002.5
2022-06-29 13:00:00,20074.1
2022-06-29 14:00:00,20115.1
2022-06-29 15:00:00,20076.3
2022-06-29 16:00:00,20012.8
2022-06-29 17:00:00,20078.0
2022-06-29 18:00:00,20044.1
2022-06-29 19:00:00,20214.1
2022-06-29 20:00:00,20215.9
2022-06-29 21:00:00,20285.9
2022-06-29 22:00:00,20204.8
2022-06-29 23:00:00,20109.9
2022-06-30 00:00:00,20027.8
2022-06-30 01:00:00,20008.4
2022-06-30 02:00:00,20073.7
2022-06-30 03:00:00,20062.6
2022-06-30 04:00:00,20039.5
2022-06-30 05:00:00,19990.1
2022-06-30 06:00:00,19408.6
2022-06-30 07:00:00,19423.5
2022-06-30 08:00:00,19226.0
2022-06-30 09:00:00,19139.2
2022-06-30 10:00:00,19093.1
2022-06-30 11:00:00,19088.7
2022-06-30 12:00:00,19193.1
2022-06-30 13:00:00,18855.4
2022-06-30 14:00:00,19108.9
2022-06-30 15:00:00,19133.5
2022-06-30 16:00:00,19128.5
2022-06-30 17:00:00,19092.9
2022-06-30 18:00:00,18962.1
2022-06-30 19:00:00,18921.3
2022-06-30 20:00:00,18742.9
2022-06-30 21:00:00,18812.6
2022-06-30 22:00:00,18885.0
2022-06-30 23:00:00,19923.5
2022-07-01 00:00:00,20288.9
2022-07-01 01:00:00,20411.5
2022-07-01 02:00:00,20292.4
2022-07-01 03:00:00,19720.1
2022-07-01 04:00:00,19399.7
2022-07-01 05:00:00,19457.1
2022-07-01 06:00:00,19390.8
2022-07-01 07:00:00,19566.1
2022-07-01 08:00:00,19515.9
2022-07-01 09:00:00,19415.0
2022-07-01 10:00:00,19062.5
2022-07-01 11:00:00,19180.0
2022-07-01 12:00:00,19275.1
2022-07-01 13:00:00,19440.4
2022-07-01 14:00:00,19400.1
2022-07-01 15:00:00,19279.5
2022-07-01 16:00:00,19334.9
2022-07-01 17:00:00,19474.0
2022-07-01 18:00:00,19425.0
2022-07-01 19:00:00,19380.1
2022-07-01 20:00:00,19424.8
2022-07-01 21:00:00,19389.3
2022-07-01 22:00:00,19292.0
2022-07-01 23:00:00,19272.0
2022-07-02 00:00:00,19168.8
2022-07-02 01:00:00,19220.1
2022-07-02 02:00:00,19189.9
2022-07-02 03:00:00,19121.7
2022-07-02 04:00:00,19189.0
2022-07-02 05:00:00,19229.9
2022-07-02 06:00:00,19209.3
2022-07-02 07:00:00,19119.9
2022-07-02 08:00:00,19104.1
2022-07-02 09:00:00,19163.4
2022-07-02 10:00:00,19232.7
2022-07-02 11:00:00,19188.6
2022-07-02 12:00:00,19335.6
2022-07-02 13:00:00,19257.1
2022-07-02 14:00:00,19274.0
2022-07-02 15:00:00,19219.9
2022-07-02 16:00:00,19281.5
2022-07-02 17:00:00,19290.7
2022-07-02 18:00:00,19310.0
2022-07-02 19:00:00,19263.6
2022-07-02 20:00:00,19256.0
2022-07-02 21:00:00,19345.0
2022-07-02 22:00:00,19321.1
2022-07-02 23:00:00,19240.9
2022-07-03 00:00:00,19237.2
2022-07-03 01:00:00,19181.6
2022-07-03 02:00:00,19255.4
2022-07-03 03:00:00,19254.6
2022-07-03 04:00:00,19234.1
2022-07-03 05:00:00,19034.5
2022-07-03 06:00:00,19141.2
2022-07-03 07:00:00,19127.8
2022-07-03 08:00:00,19007.6
2022-07-03 09:00:00,19031.6
2022-07-03 10:00:00,19064.6
2022-07-03 11:00:00,19080.0
2022-07-03 12:00:00,19063.3
2022-07-03 13:00:00,18969.1
2022-07-03 14:00:00,19068.8
2022-07-03 15:00:00,19035.3
2022-07-03 16:00:00,19148.1
2022-07-03 17:00:00,19212.6
2022-07-03 18:00:00,19227.4
2022-07-03 19:00:00,19483.3
2022-07-03 20:00:00,19433.5
2022-07-03 21:00:00,19289.8
2022-07-03 22:00:00,19292.2
2022-07-03 23:00:00,19305.9
2022-07-04 00:00:00,19255.0
2022-07-04 01:00:00,19215.4
2022-07-04 02:00:00,19066.1
2022-07-04 03:00:00,19094.0
2022-07-04 04:00:00,19115.3
2022-07-04 05:00:00,19130.1
2022-07-04 06:00:00,19093.6
2022-07-04 07:00:00,19115.2
2022-07-04 08:00:00,19136.1
2022-07-04 09:00:00,19358.1
2022-07-04 10:00:00,19458.1
2022-07-04 11:00:00,19794.2
2022-07-04 12:00:00,19699.4
2022-07-04 13:00:00,19523.3
2022-07-04 14:00:00,19601.0
2022-07-04 15:00:00,19792.4
2022-07-04 16:00:00,19733.3
2022-07-04 17:00:00,19887.8
2022-07-04 18:00:00,19919.2
2022-07-04 19:00:00,19823.9
2022-07-04 20:00:00,19774.4
2022-07-04 21:00:00,19946.7
2022-07-04 22:00:00,20153.0
2022-07-04 23:00:00,20226.6
2022-07-05 00:00:00,20384.1
2022-07-05 01:00:00,20291.5
2022-07-05 02:00:00,20167.2
2022-07-05 03:00:00,20302.8
2022-07-05 04:00:00,20265.0
2022-07-05 05:00:00,20288.3
2022-07-05 06:00:00,20377.4
2022-07-05 07:00:00,20207.7
2022-07-05 08:00:00,19884.7
2022-07-05 09:00:00,19758.4
2022-07-05 10:00:00,19731.9
2022-07-05 11:00:00,19514.3
2022-07-05 12:00:00,19364.9
2022-07-05 13:00:00,19394.1
2022-07-05 14:00:00,19453.4
2022-07-05 15:00:00,19507.0
2022-07-05 16:00:00,19539.3
2022-07-05 17:00:00,19691.9
2022-07-05 18:00:00,20107.1
2022-07-05 19:00:00,20392.8
2022-07-05 20:00:00,20455.9
2022-07-05 21:00:00,20367.0
2022-07-05 22:00:00,20431.2
2022-07-05 23:00:00,20170.0
2022-07-06 00:00:00,20254.4
2022-07-06 01:00:00,19870.1
2022-07-06 02:00:00,19855.2
2022-07-06 03:00:00,19940.4
2022-07-06 04:00:00,20091.0
2022-07-06 05:00:00,20040.9
2022-07-06 06:00:00,20084.4
2022-07-06 07:00:00,20150.9
2022-07-06 08:00:00,20173.2
2022-07-06 09:00:00,20192.3
2022-07-06 10:00:00,20125.0
2022-07-06 11:00:00,20098.7
2022-07-06 12:00:00,20143.9
2022-07-06 13:00:00,20219.9
2022-07-06 14:00:00,20188.5
2022-07-06 15:00:00,20140.1
2022-07-06 16:00:00,20291.9
2022-07-06 17:00:00,20256.1
2022-07-06 18:00:00,20373.8
2022-07-06 19:00:00,20319.8
2022-07-06 20:00:00,20390.0
2022-07-06 21:00:00,20343.6
2022-07-06 22:00:00,20506.2
2022-07-06 23:00:00,20554.1
2022-07-07 00:00:00,20523.4
2022-07-07 01:00:00,20503.9
2022-07-07 02:00:00,20413.0
2022-07-07 03:00:00,20474.0
2022-07-07 04:00:00,20411.3
2022-07-07 05:00:00,20295.7
2022-07-07 06:00:00,20332.1
2022-07-07 07:00:00,20432.8
2022-07-07 08:00:00,20514.3
2022-07-07 09:00:00,20552.0
2022-07-07 10:00:00,20492.9
2022-07-07 11:00:00,20504.3
2022-07-07 12:00:00,20422.2
2022-07-07 13:00:00,20532.5
2022-07-07 14:00:00,20908.7
2022-07-07 15:00:00,20881.9
2022-07-07 16:00:00,21085.0
2022-07-07 17:00:00,20899.6
2022-07-07 18:00:00,21343.1
2022-07-07 19:00:00,21797.8
2022-07-07 20:00:00,21612.5
2022-07-07 21:00:00,21655.7
2022-07-07 22:00:00,21617.7
2022-07-07 23:00:00,21613.4
2022-07-08 00:00:00,21710.1
2022-07-08 01:00:00,22133.0
2022-07-08 02:00:00,21984.0
2022-07-08 03:00:00,22119.7
2022-07-08 04:00:00,21976.3
2022-07-08 05:00:00,21836.2
2022-07-08 06:00:00,21823.0
2022-07-08 07:00:00,21791.3
2022-07-08 08:00:00,21431.5
2022-07-08 09:00:00,21564.8
2022-07-08 10:00:00,21529.9
2022-07-08 11:00:00,21577.7
2022-07-08 12:00:00,21371.3
2022-07-08 13:00:00,21264.7
2022-07-08 14:00:00,21754.9
2022-07-08 15:00:00,21947.3
2022-07-08 16:00:00,21682.9
2022-07-08 17:00:00,21748.9
2022-07-08 18:00:00,21727.6
2022-07-08 19:00:00,21805.6
2022-07-08 20:00:00,21850.2
2022-07-08 21:00:00,21695.9
2022-07-08 22:00:00,21769.5
2022-07-08 23:00:00,21587.9
2022-07-09 00:00:00,21538.3
2022-07-09 01:00:00,21502.6
2022-07-09 02:00:00,21580.4
2022-07-09 03:00:00,21605.9
2022-07-09 04:00:00,21544.8
2022-07-09 05:00:00,21511.6
2022-07-09 06:00:00,21550.7
2022-07-09 07:00:00,21644.7
2022-07-09 08:00:00,21715.9
2022-07-09 09:00:00,21647.7
2022-07-09 10:00:00,21725.5
2022-07-09 11:00:00,21437.4
2022-07-09 12:00:00,21505.1
2022-07-09 13:00:00,21553.4
2022-07-09 14:00:00,21585.1
2022-07-09 15:00:00,21538.7
2022-07-09 16:00:00,21683.5
2022-07-09 17:00:00,21872.4
2022-07-09 18:00:00,21744.0
2022-07-09 19:00:00,21613.3
2022-07-09 20:00:00,21671.1
2022-07-09 21:00:00,21697.8
2022-07-09 22:00:00,21622.3
2022-07-09 23:00:00,21580.0
2022-07-10 00:00:00,21366.6
2022-07-10 01:00:00,21407.5
2022-07-10 02:00:00,21300.6
2022-07-10 03:00:00,21288.6
2022-07-10 04:00:00,21268.3
2022-07-10 05:00:00,21350.0
2022-07-10 06:00:00,21290.9
2022-07-10 07:00:00,21329.9
2022-07-10 08:00:00,21318.0
2022-07-10 09:00:00,21317.9
2022-07-10 10:00:00,21269.5
2022-07-10 11:00:00,21296.1
2022-07-10 12:00:00,21301.6
2022-07-10 13:00:00,21075.3
2022-07-10 14:00:00,20856.1
2022-07-10 15:00:00,20892.5
2022-07-10 16:00:00,20923.0
2022-07-10 17:00:00,20892.5
2022-07-10 18:00:00,20838.0
2022-07-10 19:00:00,20913.1
2022-07-10 20:00:00,20975.0
2022-07-10 21:00:00,21028.7
2022-07-10 22:00:00,20830.0
2022-07-10 23:00:00,20853.8
2022-07-11 00:00:00,20804.1
2022-07-11 01:00:00,20545.1
2022-07-11 02:00:00,20543.6
2022-07-11 03:00:00,20540.0
2022-07-11 04:00:00,20522.0
2022-07-11 05:00:00,20498.1
2022-07-11 06:00:00,20390.0
2022-07-11 07:00:00,20429.3
2022-07-11 08:00:00,20522.6
2022-07-11 09:00:00,20542.9
2022-07-11 10:00:00,20522.4
2022-07-11 11:00:00,20465.0
2022-07-11 12:00:00,20580.9
2022-07-11 13:00:00,20367.1
2022-07-11 14:00:00,20379.4
2022-07-11 15:00:00,20430.1
2022-07-11 16:00:00,20410.6
2022-07-11 17:00:00,20606.0
2022-07-11 18:00:00,20561.1
2022-07-11 19:00:00,20499.8
2022-07-11 20:00:00,20424.6
2022-07-11 21:00:00,20230.3
2022-07-11 22:00:00,19998.3
2022-07-11 23:00:00,19954.3
2022-07-12 00:00:00,19805.1
2022-07-12 01:00:00,19883.0
2022-07-12 02:00:00,19961.1
2022-07-12 03:00:00,19934.3
2022-07-12 04:00:00,19995.7
2022-07-12 05:00:00,19944.7
2022-07-12 06:00:00,19837.4
2022-07-12 07:00:00,19722.9
2022-07-12 08:00:00,19765.1
2022-07-12 09:00:00,19597.6
2022-07-12 10:00:00,19609.9
2022-07-12 11:00:00,19765.1
2022-07-12 12:00:00,19862.0
2022-07-12 13:00:00,19778.0
2022-07-12 14:00:00,19907.5
2022-07-12 15:00:00,19876.9
2022-07-12 16:00:00,19893.0
2022-07-12 17:00:00,19867.4
2022-07-12 18:00:00,19723.1
2022-07-12 19:00:00,19383.6
2022-07-12 20:00:00,19449.5
2022-07-12 21:00:00,19338.2
2022-07-12 22:00:00,19368.9
2022-07-12 23:00:00,19322.9
2022-07-13 00:00:00,19417.2
2022-07-13 01:00:00,19417.2
2022-07-13 02:00:00,19497.9
2022-07-13 03:00:00,19462.7
2022-07-13 04:00:00,19471.0
2022-07-13 05:00:00,19508.9
2022-07-13 06:00:00,19537.4
2022-07-13 07:00:00,19699.5
2022-07-13 08:00:00,19842.4
2022-07-13 09:00:00,19797.6
2022-07-13 10:00:00,19778.7
2022-07-13 11:00:00,19833.0
2022-07-13 12:00:00,19153.4
2022-07-13 13:00:00,19282.4
2022-07-13 14:00:00,19564.5
2022-07-13 15:00:00,19445.1
2022-07-13 16:00:00,19620.6
2022-07-13 17:00:00,19875.3
2022-07-13 18:00:00,19837.1
2022-07-13 19:00:00,19644.7
2022-07-13 20:00:00,19661.3
2022-07-13 21:00:00,19911.4
2022-07-13 22:00:00,19833.7
2022-07-13 23:00:00,20220.1
2022-07-14 00:00:00,20295.1
2022-07-14 01:00:00,20267.9
2022-07-14 02:00:00,20250.0
2022-07-14 03:00:00,20215.3
2022-07-14 04:00:00,20076.3
2022-07-14 05:00:00,20106.9
2022-07-14 06:00:00,20018.4
2022-07-14 07:00:00,19981.3
2022-07-14 08:00:00,19759.0
2022-07-14 09:00:00,19810.4
2022-07-14 10:00:00,19772.3
2022-07-14 11:00:00,19728.0
2022-07-14 12:00:00,19773.0
2022-07-14 13:00:00,19755.0
2022-07-14 14:00:00,19884.9
2022-07-14 15:00:00,20379.3
2022-07-14 16:00:00,20213.3
2022-07-14 17:00:00,20723.2
2022-07-14 18:00:00,20685.0
2022-07-14 19:00:00,20602.9
2022-07-14 20:00:00,20672.5
2022-07-14 21:00:00,20471.0
2022-07-14 22:00:00,20495.3
2022-07-14 23:00:00,20578.6
2022-07-15 00:00:00,20388.6
2022-07-15 01:00:00,20620.1
2022-07-15 02:00:00,20480.9
2022-07-15 03:00:00,20601.4
2022-07-15 04:00:00,20535.9
2022-07-15 05:00:00,20654.0
2022-07-15 06:00:00,20591.9
2022-07-15 07:00:00,20823.4
2022-07-15 08:00:00,20856.3
2022-07-15 09:00:00,20888.0
2022-07-15 10:00:00,20859.1
2022-07-15 11:00:00,20764.2
2022-07-15 12:00:00,20975.7
2022-07-15 13:00:00,20851.6
2022-07-15 14:00:00,20880.1
2022-07-15 15:00:00,20785.1
2022-07-15 16:00:00,20745.1
2022-07-15 17:00:00,20778.3
2022-07-15 18:00:00,21027.4
2022-07-15 19:00:00,21156.7
2022-07-15 20:00:00,20923.2
2022-07-15 21:00:00,20956.5
2022-07-15 22:00:00,20879.5
2022-07-15 23:00:00,20823.1
2022-07-16 00:00:00,20678.7
2022-07-16 01:00:00,20709.4
2022-07-16 02:00:00,20695.8
2022-07-16 03:00:00,20727.3
2022-07-16 04:00:00,20736.4
2022-07-16 05:00:00,20589.7
2022-07-16 06:00:00,20541.3
2022-07-16 07:00:00,20541.0
2022-07-16 08:00:00,20600.0
2022-07-16 09:00:00,20607.2
2022-07-16 10:00:00,20622.5
2022-07-16 11:00:00,20604.6
2022-07-16 12:00:00,20686.1
2022-07-16 13:00:00,20827.8
2022-07-16 14:00:00,20805.7
2022-07-16 15:00:00,20935.0
2022-07-16 16:00:00,21454.3
2022-07-16 17:00:00,21240.0
2022-07-16 18:00:00,21285.5
2022-07-16 19:00:00,21184.3
2022-07-16 20:00:00,21201.2
2022-07-16 21:00:00,21188.4
2022-07-16 22:00:00,21284.6
2022-07-16 23:00:00,21183.5
2022-07-17 00:00:00,21285.0
2022-07-17 01:00:00,21150.8
2022-07-17 02:00:00,21154.2
2022-07-17 03:00:00,21314.1
2022-07-17 04:00:00,21252.8
2022-07-17 05:00:00,21348.7
2022-07-17 06:00:00,21566.3
2022-07-17 07:00:00,21460.0
2022-07-17 08:00:00,21448.1
2022-07-17 09:00:00,21360.1
2022-07-17 10:00:00,21377.8
2022-07-17 11:00:00,21450.7
2022-07-17 12:00:00,21375.4
2022-07-17 13:00:00,21109.0
2022-07-17 14:00:00,21194.0
2022-07-17 15:00:00,21158.0
2022-07-17 16:00:00,21142.6
2022-07-17 17:00:00,20912.5
2022-07-17 18:00:00,20965.9
2022-07-17 19:00:00,21020.9
2022-07-17 20:00:00,20928.2
2022-07-17 21:00:00,21012.1
2022-07-17 22:00:00,20995.8
2022-07-17 23:00:00,20794.4
2022-07-18 00:00:00,20815.4
2022-07-18 01:00:00,20969.6
2022-07-18 02:00:00,21323.2
2022-07-18 03:00:00,21274.0
2022-07-18 04:00:00,21286.2
2022-07-18 05:00:00,21851.9
2022-07-18 06:00:00,22189.3
2022-07-18 07:00:00,22243.4
2022-07-18 08:00:00,22283.1
2022-07-18 09:00:00,22232.0
2022-07-18 10:00:00,22199.8
2022-07-18 11:00:00,22130.0
2022-07-18 12:00:00,22280.8
2022-07-18 13:00:00,22130.8
2022-07-18 14:00:00,22205.4
2022-07-18 15:00:00,22674.2
2022-07-18 16:00:00,22194.7
2022-07-18 17:00:00,21875.2
2022-07-18 18:00:00,21831.4
2022-07-18 19:00:00,21614.8
2022-07-18 20:00:00,21488.8
2022-07-18 21:00:00,21655.9
2022-07-18 22:00:00,21782.9
2022-07-18 23:00:00,22423.9
2022-07-19 00:00:00,22337.9
2022-07-19 01:00:00,22053.3
2022-07-19 02:00:00,22094.6
2022-07-19 03:00:00,21897.9
2022-07-19 04:00:00,21887.1
2022-07-19 05:00:00,21990.0
2022-07-19 06:00:00,21753.7
2022-07-19 07:00:00,21761.0
2022-07-19 08:00:00,21918.2
2022-07-19 09:00:00,21896.8
2022-07-19 10:00:00,21997.1
2022-07-19 11:00:00,21967.6
2022-07-19 12:00:00,22167.9
2022-07-19 13:00:00,22313.6
2022-07-19 14:00:00,22617.2
2022-07-19 15:00:00,23116.2
2022-07-19 16:00:00,23227.1
2022-07-19 17:00:00,23450.0
2022-07-19 18:00:00,23399.9
2022-07-19 19:00:00,23391.5
2022-07-19 20:00:00,23295.6
2022-07-19 21:00:00,23638.1
2022-07-19 22:00:00,23484.9
2022-07-19 23:00:00,23385.9
2022-07-20 00:00:00,23033.6
2022-07-20 01:00:00,23251.3
2022-07-20 02:00:00,23367.5
2022-07-20 03:00:00,23433.8
2022-07-20 04:00:00,23384.0
2022-07-20 05:00:00,23491.0
2022-07-20 06:00:00,23775.9
2022-07-20 07:00:00,23376.7
2022-07-20 08:00:00,23359.5
2022-07-20 09:00:00,23517.4
2022-07-20 10:00:00,23701.1
2022-07-20 11:00:00,23720.0
2022-07-20 12:00:00,23796.1
2022-07-20 13:00:00,23770.4
2022-07-20 14:00:00,24173.9
2022-07-20 15:00:00,24153.4
2022-07-20 16:00:00,23680.1
2022-07-20 17:00:00,23511.0
2022-07-20 18:00:00,23753.6
2022-07-20 19:00:00,23650.6
2022-07-20 20:00:00,23253.7
2022-07-20 21:00:00,23601.8
2022-07-20 22:00:00,23301.4
2022-07-20 23:00:00,23221.5
2022-07-21 00:00:00,23245.1
2022-07-21 01:00:00,23228.8
2022-07-21 02:00:00,22689.0
2022-07-21 03:00:00,22774.4
2022-07-21 04:00:00,22875.4
2022-07-21 05:00:00,22935.3
2022-07-21 06:00:00,22786.8
2022-07-21 07:00:00,22926.7
2022-07-21 08:00:00,22871.9
2022-07-21 09:00:00,23002.3
2022-07-21 10:00:00,22865.3
2022-07-21 11:00:00,22605.4
2022-07-21 12:00:00,22793.0
2022-07-21 13:00:00,22701.4
2022-07-21 14:00:00,22552.5
2022-07-21 15:00:00,22633.7
2022-07-21 16:00:00,23026.8
2022-07-21 17:00:00,22853.8
2022-07-21 18:00:00,22923.5
2022-07-21 19:00:00,23193.0
2022-07-21 20:00:00,23113.8
2022-07-21 21:00:00,23195.7
2022-07-21 22:00:00,23011.2
2022-07-21 23:00:00,23144.5
2022-07-22 00:00:00,23261.3
2022-07-22 01:00:00,23100.1
2022-07-22 02:00:00,22977.8
2022-07-22 03:00:00,22903.5
2022-07-22 04:00:00,22963.4
2022-07-22 05:00:00,23136.8
2022-07-22 06:00:00,23156.5
2022-07-22 07:00:00,23109.2
2022-07-22 08:00:00,23294.2
2022-07-22 09:00:00,23440.1
2022-07-22 10:00:00,23427.1
2022-07-22 11:00:00,23600.8
2022-07-22 12:00:00,23577.8
2022-07-22 13:00:00,23447.9
2022-07-22 14:00:00,23655.8
2022-07-22 15:00:00,23286.7
2022-07-22 16:00:00,23100.8
2022-07-22 17:00:00,23009.4
2022-07-22 18:00:00,23017.3
2022-07-22 19:00:00,22578.9
2022-07-22 20:00:00,22592.7
2022-07-22 21:00:00,22727.1
2022-07-22 22:00:00,22715.3
2022-07-22 23:00:00,22675.1
2022-07-23 00:00:00,22756.9
2022-07-23 01:00:00,22775.6
2022-07-23 02:00:00,22821.3
2022-07-23 03:00:00,22796.4
2022-07-23 04:00:00,22885.6
2022-07-23 05:00:00,22893.8
2022-07-23 06:00:00,22816.0
2022-07-23 07:00:00,22764.2
2022-07-23 08:00:00,22601.5
2022-07-23 09:00:00,22655.8
2022-07-23 10:00:00,22513.5
2022-07-23 11:00:00,22226.3
2022-07-23 12:00:00,22275.0
2022-07-23 13:00:00,22329.4
2022-07-23 14:00:00,22142.1
2022-07-23 15:00:00,22209.9
2022-07-23 16:00:00,22181.7
2022-07-23 17:00:00,22027.0
2022-07-23 18:00:00,22069.2
2022-07-23 19:00:00,22268.8
2022-07-23 20:00:00,22313.5
2022-07-23 21:00:00,22235.5
2022-07-23 22:00:00,22455.3
2022-07-23 23:00:00,22440.2
2022-07-24 00:00:00,22540.7
2022-07-24 01:00:00,22418.9
2022-07-24 02:00:00,22460.6
2022-07-24 03:00:00,22326.5
2022-07-24 04:00:00,22385.3
2022-07-24 05:00:00,22741.8
2022-07-24 06:00:00,22669.2
2022-07-24 07:00:00,22692.4
2022-07-24 08:00:00,22670.6
2022-07-24 09:00:00,22610.7
2022-07-24 10:00:00,22507.8
2022-07-24 11:00:00,22648.2
2022-07-24 12:00:00,22485.1
2022-07-24 13:00:00,22558.8
2022-07-24 14:00:00,22760.0
2022-07-24 15:00:00,22837.0
2022-07-24 16:00:00,22700.7
2022-07-24 17:00:00,22760.9
2022-07-24 18:00:00,22703.0
2022-07-24 19:00:00,22695.1
2022-07-24 20:00:00,22713.2
2022-07-24 21:00:00,22800.1
2022-07-24 22:00:00,22647.8
2022-07-24 23:00:00,22570.6
2022-07-25 00:00:00,22314.8
2022-07-25 01:00:00,22199.4
2022-07-25 02:00:00,21945.7
2022-07-25 03:00:00,21858.0
2022-07-25 04:00:00,21880.8
2022-07-25 05:00:00,21900.1
2022-07-25 06:00:00,21896.8
2022-07-25 07:00:00,21951.3
2022-07-25 08:00:00,22038.3
2022-07-25 09:00:00,21991.4
2022-07-25 10:00:00,22038.7
2022-07-25 11:00:00,21931.5
2022-07-25 12:00:00,21962.0
2022-07-25 13:00:00,21890.3
2022-07-25 14:00:00,21875.8
2022-07-25 15:00:00,21884.3
2022-07-25 16:00:00,21940.0
2022-07-25 17:00:00,21852.0
2022-07-25 18:00:00,21814.8
2022-07-25 19:00:00,21879.5
2022-07-25 20:00:00,22160.7
2022-07-25 21:00:00,22020.3
2022-07-25 22:00:00,21647.4
2022-07-25 23:00:00,21300.0
2022-07-26 00:00:00,20985.7
2022-07-26 01:00:00,21064.0
2022-07-26 02:00:00,21058.0
2022-07-26 03:00:00,21130.2
2022-07-26 04:00:00,21116.1
2022-07-26 05:00:00,21137.2
2022-07-26 06:00:00,21070.4
2022-07-26 07:00:00,21053.7
2022-07-26 08:00:00,21057.1
2022-07-26 09:00:00,21108.9
2022-07-26 10:00:00,21063.5
2022-07-26 11:00:00,21078.9
2022-07-26 12:00:00,21022.9
2022-07-26 13:00:00,20942.1
2022-07-26 14:00:00,20941.8
2022-07-26 15:00:00,20737.6
2022-07-26 16:00:00,20925.4
2022-07-26 17:00:00,20910.8
2022-07-26 18:00:00,20896.5
2022-07-26 19:00:00,20907.9
2022-07-26 20:00:00,20974.9
2022-07-26 21:00:00,20935.5
2022-07-26 22:00:00,21102.2
2022-07-26 23:00:00,21241.0
2022-07-27 00:00:00,21194.4
2022-07-27 01:00:00,21153.0
2022-07-27 02:00:00,21173.3
2022-07-27 03:00:00,21065.1
2022-07-27 04:00:00,21100.7
2022-07-27 05:00:00,21234.2
2022-07-27 06:00:00,21246.3
2022-07-27 07:00:00,21335.0
2022-07-27 08:00:00,21344.1
2022-07-27 09:00:00,21284.6
2022-07-27 10:00:00,21277.9
2022-07-27 11:00:00,21193.2
2022-07-27 12:00:00,21360.3
2022-07-27 13:00:00,21449.5
2022-07-27 14:00:00,21446.3
2022-07-27 15:00:00,21516.4
2022-07-27 16:00:00,21518.7
2022-07-27 17:00:00,21612.6
2022-07-27 18:00:00,22544.9
2022-07-27 19:00:00,22763.8
2022-07-27 20:00:00,22769.4
2022-07-27 21:00:00,22671.5
2022-07-27 22:00:00,22864.0
2022-07-27 23:00:00,22941.1
2022-07-28 00:00:00,22778.9
2022-07-28 01:00:00,22763.9
2022-07-28 02:00:00,23276.7
2022-07-28 03:00:00,23126.7
2022-07-28 04:00:00,23062.3
2022-07-28 05:00:00,23230.6
2022-07-28 06:00:00,23115.5
2022-07-28 07:00:00,22916.9
2022-07-28 08:00:00,22962.4
2022-07-28 09:00:00,22974.4
2022-07-28 10:00:00,22974.4
2022-07-28 11:00:00,23106.0
2022-07-28 12:00:00,23029.2
2022-07-28 13:00:00,22841.8
2022-07-28 14:00:00,23121.7
2022-07-28 15:00:00,23739.4
2022-07-28 16:00:00,23762.5
2022-07-28 17:00:00,23990.6
2022-07-28 18:00:00,23799.4
2022-07-28 19:00:00,23790.4
2022-07-28 20:00:00,24022.0
2022-07-28 21:00:00,23923.5
2022-07-28 22:00:00,23955.5
2022-07-28 23:00:00,23836.2
2022-07-29 00:00:00,23876.7
2022-07-29 01:00:00,23845.0
2022-07-29 02:00:00,23776.4
2022-07-29 03:00:00,23905.8
2022-07-29 04:00:00,24004.9
2022-07-29 05:00:00,23979.6
2022-07-29 06:00:00,23936.3
2022-07-29 07:00:00,23938.0
2022-07-29 08:00:00,23919.4
2022-07-29 09:00:00,24061.8
2022-07-29 10:00:00,24002.0
2022-07-29 11:00:00,23717.2
2022-07-29 12:00:00,23513.9
2022-07-29 13:00:00,23694.0
2022-07-29 14:00:00,24024.7
2022-07-29 15:00:00,24003.0
2022-07-29 16:00:00,23840.6
2022-07-29 17:00:00,23773.3
2022-07-29 18:00:00,23923.3
2022-07-29 19:00:00,23889.9
2022-07-29 20:00:00,23931.5
2022-07-29 21:00:00,23817.1
2022-07-29 22:00:00,23938.0
2022-07-29 23:00:00,23771.1
2022-07-30 00:00:00,23914.5
2022-07-30 01:00:00,23909.1
2022-07-30 02:00:00,23832.1
2022-07-30 03:00:00,23800.7
2022-07-30 04:00:00,23734.9
2022-07-30 05:00:00,23791.8
2022-07-30 06:00:00,23811.3
2022-07-30 07:00:00,23869.8
2022-07-30 08:00:00,23885.3
2022-07-30 09:00:00,23904.1
2022-07-30 10:00:00,23804.3
2022-07-30 11:00:00,23956.3
2022-07-30 12:00:00,24372.8
2022-07-30 13:00:00,24490.6
2022-07-30 14:00:00,24344.0
2022-07-30 15:00:00,24522.8
2022-07-30 16:00:00,24572.6
2022-07-30 17:00:00,24489.3
2022-07-30 18:00:00,24505.5
2022-07-30 19:00:00,23915.0
2022-07-30 20:00:00,23951.8
2022-07-30 21:00:00,23851.8
2022-07-30 22:00:00,23690.6
2022-07-30 23:00:00,23629.9
2022-07-31 00:00:00,23734.0
2022-07-31 01:00:00,23716.5
2022-07-31 02:00:00,23784.0
2022-07-31 03:00:00,23732.5
2022-07-31 04:00:00,23791.9
2022-07-31 05:00:00,23699.9
2022-07-31 06:00:00,23764.6
2022-07-31 07:00:00,23704.9
2022-07-31 08:00:00,23588.5
2022-07-31 09:00:00,23743.2
2022-07-31 10:00:00,23816.2
2022-07-31 11:00:00,23788.4
2022-07-31 12:00:00,23801.0
2022-07-31 13:00:00,23700.0
2022-07-31 14:00:00,23711.1
2022-07-31 15:00:00,23764.2
2022-07-31 16:00:00,23758.9
2022-07-31 17:00:00,23728.3
2022-07-31 18:00:00,23742.2
2022-07-31 19:00:00,23832.8
2022-07-31 20:00:00,23791.0
2022-07-31 21:00:00,23582.0
2022-07-31 22:00:00,23369.1
2022-07-31 23:00:00,23290.1
2022-08-01 00:00:00,23365.9
2022-08-01 01:00:00,23407.8
2022-08-01 02:00:00,23412.0
2022-08-01 03:00:00,23366.3
2022-08-01 04:00:00,23380.5
2022-08-01 05:00:00,23318.4
2022-08-01 06:00:00,23216.8
2022-08-01 07:00:00,23313.4
2022-08-01 08:00:00,23280.5
2022-08-01 09:00:00,23301.8
2022-08-01 10:00:00,23026.5
2022-08-01 11:00:00,23216.2
2022-08-01 12:00:00,23129.1
2022-08-01 13:00:00,23233.1
2022-08-01 14:00:00,23426.5
2022-08-01 15:00:00,23315.1
2022-08-01 16:00:00,23193.1
2022-08-01 17:00:00,22954.5
2022-08-01 18:00:00,22944.5
2022-08-01 19:00:00,22944.9
2022-08-01 20:00:00,23113.8
2022-08-01 21:00:00,23011.5
2022-08-01 22:00:00,23152.9
2022-08-01 23:00:00,23257.6
2022-08-02 00:00:00,23179.5
2022-08-02 01:00:00,22987.6
2022-08-02 02:00:00,22908.0
2022-08-02 03:00:00,22845.3
2022-08-02 04:00:00,22852.1
2022-08-02 05:00:00,22844.1
2022-08-02 06:00:00,22866.6
2022-08-02 07:00:00,22875.5
2022-08-02 08:00:00,22800.0
2022-08-02 09:00:00,22703.7
2022-08-02 10:00:00,22844.4
2022-08-02 11:00:00,22872.0
2022-08-02 12:00:00,22726.5
2022-08-02 13:00:00,22789.9
2022-08-02 14:00:00,23014.5
2022-08-02 15:00:00,22962.9
2022-08-02 16:00:00,23367.2
2022-08-02 17:00:00,23175.5
2022-08-02 18:00:00,22973.0
2022-08-02 19:00:00,22935.6
2022-08-02 20:00:00,23016.9
2022-08-02 21:00:00,23079.0
2022-08-02 22:00:00,23091.6
2022-08-02 23:00:00,22975.1
2022-08-03 00:00:00,22783.4
2022-08-03 01:00:00,22789.4
2022-08-03 02:00:00,22763.8
2022-08-03 03:00:00,22852.9
2022-08-03 04:00:00,22818.4
2022-08-03 05:00:00,22904.9
2022-08-03 06:00:00,23028.6
2022-08-03 07:00:00,22979.5
2022-08-03 08:00:00,23284.5
2022-08-03 09:00:00,23374.0
2022-08-03 10:00:00,23397.7
2022-08-03 11:00:00,23390.9
2022-08-03 12:00:00,23255.3
2022-08-03 13:00:00,23330.1
2022-08-03 14:00:00,23291.9
2022-08-03 15:00:00,23346.0
2022-08-03 16:00:00,23426.2
2022-08-03 17:00:00,23437.8
2022-08-03 18:00:00,23477.0
2022-08-03 19:00:00,23449.1
2022-08-03 20:00:00,23308.5
2022-08-03 21:00:00,23262.2
2022-08-03 22:00:00,22920.1
2022-08-03 23:00:00,22801.5
2022-08-04 00:00:00,22990.0
2022-08-04 01:00:00,23129.0
2022-08-04 02:00:00,23124.6
2022-08-04 03:00:00,23083.7
2022-08-04 04:00:00,23074.1
2022-08-04 05:00:00,23111.1
2022-08-04 06:00:00,22928.3
2022-08-04 07:00:00,22935.0
2022-08-04 08:00:00,22791.2
2022-08-04 09:00:00,22858.1
2022-08-04 10:00:00,22852.2
2022-08-04 11:00:00,22872.3
2022-08-04 12:00:00,22884.1
2022-08-04 13:00:00,23015.5
2022-08-04 14:00:00,22911.0
2022-08-04 15:00:00,22914.3
2022-08-04 16:00:00,22578.9
2022-08-04 17:00:00,22624.8
2022-08-04 18:00:00,22530.6
2022-08-04 19:00:00,22439.1
2022-08-04 20:00:00,22498.3
2022-08-04 21:00:00,22482.9
2022-08-04 22:00:00,22607.1
2022-08-04 23:00:00,22608.9
2022-08-05 00:00:00,22619.7
2022-08-05 01:00:00,22875.8
2022-08-05 02:00:00,23034.2
2022-08-05 03:00:00,23158.5
2022-08-05 04:00:00,23142.4
2022-08-05 05:00:00,23184.0
2022-08-05 06:00:00,23271.3
2022-08-05 07:00:00,23176.9
2022-08-05 08:00:00,23140.9
2022-08-05 09:00:00,23121.9
2022-08-05 10:00:00,23186.9
2022-08-05 11:00:00,23393.0
2022-08-05 12:00:00,23011.5
2022-08-05 13:00:00,23043.2
2022-08-05 14:00:00,23164.0
2022-08-05 15:00:00,22979.1
2022-08-05 16:00:00,23024.8
2022-08-05 17:00:00,22819.1
2022-08-05 18:00:00,22799.2
2022-08-05 19:00:00,22922.7
2022-08-05 20:00:00,22969.7
2022-08-05 21:00:00,23096.8
2022-08-05 22:00:00,23230.9
2022-08-05 23:00:00,23298.1
2022-08-06 00:00:00,23253.1
2022-08-06 01:00:00,23215.1
2022-08-06 02:00:00,23254.8
2022-08-06 03:00:00,23161.8
2022-08-06 04:00:00,23200.7
2022-08-06 05:00:00,23188.6
2022-08-06 06:00:00,23178.9
2022-08-06 07:00:00,23196.5
2022-08-06 08:00:00,23142.1
2022-08-06 09:00:00,23162.3
2022-08-06 10:00:00,23173.4
2022-08-06 11:00:00,23148.1
2022-08-06 12:00:00,23163.6
2022-08-06 13:00:00,23181.5
2022-08-06 14:00:00,23213.8
2022-08-06 15:00:00,23191.2
2022-08-06 16:00:00,23146.5
2022-08-06 17:00:00,23121.1
2022-08-06 18:00:00,23173.8
2022-08-06 19:00:00,23175.1
2022-08-06 20:00:00,23166.0
2022-08-06 21:00:00,23171.4
2022-08-06 22:00:00,23165.9
2022-08-06 23:00:00,22943.3
2022-08-07 00:00:00,22875.2
2022-08-07 01:00:00,22899.8
2022-08-07 02:00:00,22984.9
2022-08-07 03:00:00,22979.7
2022-08-07 04:00:00,22939.1
2022-08-07 05:00:00,22956.0
2022-08-07 06:00:00,22993.3
2022-08-07 07:00:00,23000.0
2022-08-07 08:00:00,22912.8
2022-08-07 09:00:00,22966.0
2022-08-07 10:00:00,22985.1
2022-08-07 11:00:00,23026.1
2022-08-07 12:00:00,23103.1
2022-08-07 13:00:00,23142.2
2022-08-07 14:00:00,23108.6
2022-08-07 15:00:00,23012.1
2022-08-07 16:00:00,23080.0
2022-08-07 17:00:00,23235.1
2022-08-07 18:00:00,23207.5
2022-08-07 19:00:00,23154.9
2022-08-07 20:00:00,23254.0
2022-08-07 21:00:00,23301.0
2022-08-07 22:00:00,23235.0
2022-08-07 23:00:00,23167.8
2022-08-08 00:00:00,23251.7
2022-08-08 01:00:00,23211.9
2022-08-08 02:00:00,23290.1
2022-08-08 03:00:00,23294.5
2022-08-08 04:00:00,23330.0
2022-08-08 05:00:00,23416.5
2022-08-08 06:00:00,23715.9
2022-08-08 07:00:00,23796.8
2022-08-08 08:00:00,24120.4
2022-08-08 09:00:00,24089.4
2022-08-08 10:00:00,24057.6
2022-08-08 11:00:00,24160.0
2022-08-08 12:00:00,24117.4
2022-08-08 13:00:00,24148.1
2022-08-08 14:00:00,24139.3
2022-08-08 15:00:00,23986.9
2022-08-08 16:00:00,23934.8
2022-08-08 17:00:00,23957.7
2022-08-08 18:00:00,23908.0
2022-08-08 19:00:00,23918.7
2022-08-08 20:00:00,24050.1
2022-08-08 21:00:00,23840.0
2022-08-08 22:00:00,23804.7
2022-08-08 23:00:00,23804.4
2022-08-09 00:00:00,23782.9
2022-08-09 01:00:00,23725.2
2022-08-09 02:00:00,23793.6
2022-08-09 03:00:00,23819.0
2022-08-09 04:00:00,23869.8
2022-08-09 05:00:00,23862.2
2022-08-09 06:00:00,23842.3
2022-08-09 07:00:00,23866.2
2022-08-09 08:00:00,23770.6
2022-08-09 09:00:00,23465.1
2022-08-09 10:00:00,23340.1
2022-08-09 11:00:00,23257.8
2022-08-09 12:00:00,23239.6
2022-08-09 13:00:00,23063.5
2022-08-09 14:00:00,23083.0
2022-08-09 15:00:00,23061.7
2022-08-09 16:00:00,23061.8
2022-08-09 17:00:00,23044.0
2022-08-09 18:00:00,23045.1
2022-08-09 19:00:00,23048.3
2022-08-09 20:00:00,23122.3
2022-08-09 21:00:00,23177.5
2022-08-09 22:00:00,23159.6
2022-08-09 23:00:00,23140.2
2022-08-10 00:00:00,22761.4
2022-08-10 01:00:00,22870.8
2022-08-10 02:00:00,22899.7
2022-08-10 03:00:00,22850.2
2022-08-10 04:00:00,22935.0
2022-08-10 05:00:00,22893.9
2022-08-10 06:00:00,22923.7
2022-08-10 07:00:00,22951.2
2022-08-10 08:00:00,23088.0
2022-08-10 09:00:00,23071.5
2022-08-10 10:00:00,23054.4
2022-08-10 11:00:00,23108.3
2022-08-10 12:00:00,23968.7
2022-08-10 13:00:00,24012.2
2022-08-10 14:00:00,23997.2
2022-08-10 15:00:00,23983.6
2022-08-10 16:00:00,23949.6
2022-08-10 17:00:00,23904.3
2022-08-10 18:00:00,23587.0
2022-08-10 19:00:00,23626.3
2022-08-10 20:00:00,23883.2
2022-08-10 21:00:00,23948.7
2022-08-10 22:00:00,23833.8
2022-08-10 23:00:00,23940.9
2022-08-11 00:00:00,24041.5
2022-08-11 01:00:00,24428.3
2022-08-11 02:00:00,24257.0
2022-08-11 03:00:00,24313.7
2022-08-11 04:00:00,24511.2
2022-08-11 05:00:00,24546.8
2022-08-11 06:00:00,24533.9
2022-08-11 07:00:00,24429.5
2022-08-11 08:00:00,24516.0
2022-08-11 09:00:00,24427.2
2022-08-11 10:00:00,24471.8
2022-08-11 11:00:00,24547.3
2022-08-11 12:00:00,24851.6
2022-08-11 13:00:00,24712.3
2022-08-11 14:00:00,24550.7
2022-08-11 15:00:00,24336.6
2022-08-11 16:00:00,24328.5
2022-08-11 17:00:00,24336.0
2022-08-11 18:00:00,24141.4
2022-08-11 19:00:00,24213.7
2022-08-11 20:00:00,24190.7
2022-08-11 21:00:00,24170.0
2022-08-11 22:00:00,23879.2
2022-08-11 23:00:00,23917.2
2022-08-12 00:00:00,23950.3
2022-08-12 01:00:00,23893.2
2022-08-12 02:00:00,23995.5
2022-08-12 03:00:00,23997.7
2022-08-12 04:00:00,23920.4
2022-08-12 05:00:00,23936.4
2022-08-12 06:00:00,23942.9
2022-08-12 07:00:00,23949.2
2022-08-12 08:00:00,23905.2
2022-08-12 09:00:00,23967.4
2022-08-12 10:00:00,23740.0
2022-08-12 11:00:00,23663.2
2022-08-12 12:00:00,23768.1
2022-08-12 13:00:00,23815.7
2022-08-12 14:00:00,23800.1
2022-08-12 15:00:00,23966.7
2022-08-12 16:00:00,23977.2
2022-08-12 17:00:00,23992.6
2022-08-12 18:00:00,24111.9
2022-08-12 19:00:00,24162.0
2022-08-12 20:00:00,24211.1
2022-08-12 21:00:00,24100.0
2022-08-12 22:00:00,24223.4
2022-08-12 23:00:00,24387.5
2022-08-13 00:00:00,24468.4
2022-08-13 01:00:00,24545.9
2022-08-13 02:00:00,24676.0
2022-08-13 03:00:00,24786.4
2022-08-13 04:00:00,24721.8
2022-08-13 05:00:00,24702.1
2022-08-13 06:00:00,24642.2
2022-08-13 07:00:00,24566.1
2022-08-13 08:00:00,24398.6
2022-08-13 09:00:00,24570.1
2022-08-13 10:00:00,24486.9
2022-08-13 11:00:00,24426.0
2022-08-13 12:00:00,24433.6
2022-08-13 13:00:00,24449.9
2022-08-13 14:00:00,24457.3
2022-08-13 15:00:00,24501.8
2022-08-13 16:00:00,24474.4
2022-08-13 17:00:00,24561.9
2022-08-13 18:00:00,24443.7
2022-08-13 19:00:00,24389.2
2022-08-13 20:00:00,24475.3
2022-08-13 21:00:00,24486.2
2022-08-13 22:00:00,24373.4
2022-08-13 23:00:00,24429.0
2022-08-14 00:00:00,24500.0
2022-08-14 01:00:00,24573.7
2022-08-14 02:00:00,24585.0
2022-08-14 03:00:00,24554.3
2022-08-14 04:00:00,24555.7
2022-08-14 05:00:00,24570.0
2022-08-14 06:00:00,24662.1
2022-08-14 07:00:00,24867.1
2022-08-14 08:00:00,24646.7
2022-08-14 09:00:00,24733.9
2022-08-14 10:00:00,24608.9
2022-08-14 11:00:00,24554.2
2022-08-14 12:00:00,24520.1
2022-08-14 13:00:00,24463.0
2022-08-14 14:00:00,24501.9
2022-08-14 15:00:00,24512.1
2022-08-14 16:00:00,24303.3
2022-08-14 17:00:00,24213.9
2022-08-14 18:00:00,24272.9
2022-08-14 19:00:00,24273.8
2022-08-14 20:00:00,24299.8
2022-08-14 21:00:00,24331.0
2022-08-14 22:00:00,24246.8
2022-08-14 23:00:00,24294.1
2022-08-15 00:00:00,24387.5
2022-08-15 01:00:00,24632.7
2022-08-15 02:00:00,24908.1
2022-08-15 03:00:00,24856.1
2022-08-15 04:00:00,24839.7
2022-08-15 05:00:00,24810.0
2022-08-15 06:00:00,24119.4
2022-08-15 07:00:00,24010.8
2022-08-15 08:00:00,24029.0
2022-08-15 09:00:00,24155.8
2022-08-15 10:00:00,24253.8
2022-08-15 11:00:00,24037.1
2022-08-15 12:00:00,23937.6
2022-08-15 13:00:00,24142.3
2022-08-15 14:00:00,24100.0
2022-08-15 15:00:00,24211.8
2022-08-15 16:00:00,24241.2
2022-08-15 17:00:00,24104.5
2022-08-15 18:00:00,24087.9
2022-08-15 19:00:00,23972.2
2022-08-15 20:00:00,24052.1
2022-08-15 21:00:00,24015.2
2022-08-15 22:00:00,24000.7
2022-08-15 23:00:00,24085.2
2022-08-16 00:00:00,24113.6
2022-08-16 01:00:00,24099.9
2022-08-16 02:00:00,24035.8
2022-08-16 03:00:00,24072.7
2022-08-16 04:00:00,23946.6
2022-08-16 05:00:00,23936.4
2022-08-16 06:00:00,23986.0
2022-08-16 07:00:00,24054.1
2022-08-16 08:00:00,23978.1
2022-08-16 09:00:00,24069.6
2022-08-16 10:00:00,24002.2
2022-08-16 11:00:00,24027.1
2022-08-16 12:00:00,23923.4
2022-08-16 13:00:00,23890.0
2022-08-16 14:00:00,23710.1
2022-08-16 15:00:00,23886.3
2022-08-16 16:00:00,23797.1
2022-08-16 17:00:00,23849.6
2022-08-16 18:00:00,23823.3
2022-08-16 19:00:00,23919.6
2022-08-16 20:00:00,23964.6
2022-08-16 21:00:00,23933.6
2022-08-16 22:00:00,23836.3
2022-08-16 23:00:00,23843.0
2022-08-17 00:00:00,23994.8
2022-08-17 01:00:00,23929.9
2022-08-17 02:00:00,23975.9
2022-08-17 03:00:00,23996.9
2022-08-17 04:00:00,24051.7
2022-08-17 05:00:00,24151.1
2022-08-17 06:00:00,24399.0
2022-08-17 07:00:00,23774.2
2022-08-17 08:00:00,23795.3
2022-08-17 09:00:00,23818.0
2022-08-17 10:00:00,23786.5
2022-08-17 11:00:00,23737.2
2022-08-17 12:00:00,23663.3
2022-08-17 13:00:00,23416.2
2022-08-17 14:00:00,23344.4
2022-08-17 15:00:00,23385.7
2022-08-17 16:00:00,23408.4
2022-08-17 17:00:00,23461.1
2022-08-17 18:00:00,23440.5
2022-08-17 19:00:00,23268.5
2022-08-17 20:00:00,23390.9
2022-08-17 21:00:00,23322.0
2022-08-17 22:00:00,23338.2
2022-08-17 23:00:00,23333.1
2022-08-18 00:00:00,23443.2
2022-08-18 01:00:00,23460.1
2022-08-18 02:00:00,23451.7
2022-08-18 03:00:00,23423.8
2022-08-18 04:00:00,23369.0
2022-08-18 05:00:00,23382.0
2022-08-18 06:00:00,23350.1
2022-08-18 07:00:00,23402.5
2022-08-18 08:00:00,23451.4
2022-08-18 09:00:00,23519.9
2022-08-18 10:00:00,23469.3
2022-08-18 11:00:00,23521.3
2022-08-18 12:00:00,23555.8
2022-08-18 13:00:00,23440.4
2022-08-18 14:00:00,23414.3
2022-08-18 15:00:00,23439.4
2022-08-18 16:00:00,23326.9
2022-08-18 17:00:00,23263.9
2022-08-18 18:00:00,23307.2
2022-08-18 19:00:00,23340.0
2022-08-18 20:00:00,23405.0
2022-08-18 21:00:00,23355.1
2022-08-18 22:00:00,23337.7
2022-08-18 23:00:00,23185.1
2022-08-19 00:00:00,22923.1
2022-08-19 01:00:00,22751.2
2022-08-19 02:00:00,22803.1
2022-08-19 03:00:00,22759.0
2022-08-19 04:00:00,22779.8
2022-08-19 05:00:00,22802.5
2022-08-19 06:00:00,21898.9
2022-08-19 07:00:00,21892.8
2022-08-19 08:00:00,21772.0
2022-08-19 09:00:00,21736.5
2022-08-19 10:00:00,21605.4
2022-08-19 11:00:00,21453.7
2022-08-19 12:00:00,21517.0
2022-08-19 13:00:00,21390.6
2022-08-19 14:00:00,21325.5
2022-08-19 15:00:00,21431.1
2022-08-19 16:00:00,21518.2
2022-08-19 17:00:00,21450.2
2022-08-19 18:00:00,21365.1
2022-08-19 19:00:00,21319.4
2022-08-19 20:00:00,21266.6
2022-08-19 21:00:00,21070.9
2022-08-19 22:00:00,20963.7
2022-08-19 23:00:00,20824.9
2022-08-20 00:00:00,20980.9
2022-08-20 01:00:00,20985.3
2022-08-20 02:00:00,21119.1
2022-08-20 03:00:00,21128.5
2022-08-20 04:00:00,21228.1
2022-08-20 05:00:00,21116.7
2022-08-20 06:00:00,21300.1
2022-08-20 07:00:00,21295.1
2022-08-20 08:00:00,21186.0
2022-08-20 09:00:00,21195.3
2022-08-20 10:00:00,21218.2
2022-08-20 11:00:00,21220.1
2022-08-20 12:00:00,21228.4
2022-08-20 13:00:00,21308.3
2022-08-20 14:00:00,21244.3
2022-08-20 15:00:00,21291.7
2022-08-20 16:00:00,21227.7
2022-08-20 17:00:00,21242.6
2022-08-20 18:00:00,21095.1
2022-08-20 19:00:00,20981.7
2022-08-20 20:00:00,20810.0
2022-08-20 21:00:00,21106.5
2022-08-20 22:00:00,21125.4
2022-08-20 23:00:00,21127.8
2022-08-21 00:00:00,21155.5
2022-08-21 01:00:00,21249.5
2022-08-21 02:00:00,21251.2
2022-08-21 03:00:00,21198.3
2022-08-21 04:00:00,21188.3
2022-08-21 05:00:00,21219.2
2022-08-21 06:00:00,21106.5
2022-08-21 07:00:00,21241.7
2022-08-21 08:00:00,21343.3
2022-08-21 09:00:00,21423.1
2022-08-21 10:00:00,21368.8
2022-08-21 11:00:00,21514.3
2022-08-21 12:00:00,21462.0
2022-08-21 13:00:00,21385.7
2022-08-21 14:00:00,21399.5
2022-08-21 15:00:00,21407.7
2022-08-21 16:00:00,21392.6
2022-08-21 17:00:00,21449.7
2022-08-21 18:00:00,21468.2
2022-08-21 19:00:00,21498.8
2022-08-21 20:00:00,21455.1
2022-08-21 21:00:00,21527.6
2022-08-21 22:00:00,21550.2
2022-08-21 23:00:00,21505.6
2022-08-22 00:00:00,21441.3
2022-08-22 01:00:00,21435.0
2022-08-22 02:00:00,21463.0
2022-08-22 03:00:00,21406.5
2022-08-22 04:00:00,21454.9
2022-08-22 05:00:00,21415.3
2022-08-22 06:00:00,21342.4
2022-08-22 07:00:00,21089.1
2022-08-22 08:00:00,21177.0
2022-08-22 09:00:00,21167.6
2022-08-22 10:00:00,21269.8
2022-08-22 11:00:00,21238.6
2022-08-22 12:00:00,21197.6
2022-08-22 13:00:00,21295.9
2022-08-22 14:00:00,21192.3
2022-08-22 15:00:00,21388.0
2022-08-22 16:00:00,21322.3
2022-08-22 17:00:00,21221.6
2022-08-22 18:00:00,21010.0
2022-08-22 19:00:00,21047.1
2022-08-22 20:00:00,21121.3
2022-08-22 21:00:00,21094.2
2022-08-22 22:00:00,21162.6
2022-08-22 23:00:00,21387.0
2022-08-23 00:00:00,21292.1
2022-08-23 01:00:00,21296.6
2022-08-23 02:00:00,21333.0
2022-08-23 03:00:00,21228.5
2022-08-23 04:00:00,21255.4
2022-08-23 05:00:00,20955.1
2022-08-23 06:00:00,21068.9
2022-08-23 07:00:00,21297.3
2022-08-23 08:00:00,21444.2
2022-08-23 09:00:00,21430.2
2022-08-23 10:00:00,21405.6
2022-08-23 11:00:00,21444.4
2022-08-23 12:00:00,21340.8
2022-08-23 13:00:00,21506.4
2022-08-23 14:00:00,21457.3
2022-08-23 15:00:00,21460.6
2022-08-23 16:00:00,21455.1
2022-08-23 17:00:00,21401.1
2022-08-23 18:00:00,21532.7
2022-08-23 19:00:00,21512.5
2022-08-23 20:00:00,21470.0
2022-08-23 21:00:00,21479.4
2022-08-23 22:00:00,21465.5
2022-08-23 23:00:00,21518.2
2022-08-24 00:00:00,21375.7
2022-08-24 01:00:00,21251.6
2022-08-24 02:00:00,21189.3
2022-08-24 03:00:00,21253.2
2022-08-24 04:00:00,21316.4
2022-08-24 05:00:00,21407.3
2022-08-24 06:00:00,21391.6
2022-08-24 07:00:00,21305.6
2022-08-24 08:00:00,21329.0
2022-08-24 09:00:00,21302.5
2022-08-24 10:00:00,21274.9
2022-08-24 11:00:00,21426.1
2022-08-24 12:00:00,21474.6
2022-08-24 13:00:00,21426.2
2022-08-24 14:00:00,21455.3
2022-08-24 15:00:00,21605.6
2022-08-24 16:00:00,21704.9
2022-08-24 17:00:00,21624.9
2022-08-24 18:00:00,21664.1
2022-08-24 19:00:00,21695.8
2022-08-24 20:00:00,21676.0
2022-08-24 21:00:00,21584.5
2022-08-24 22:00:00,21483.4
2022-08-24 23:00:00,21354.9
2022-08-25 00:00:00,21467.0
2022-08-25 01:00:00,21543.2
2022-08-25 02:00:00,21519.1
2022-08-25 03:00:00,21460.8
2022-08-25 04:00:00,21528.9
2022-08-25 05:00:00,21550.0
2022-08-25 06:00:00,21680.1
2022-08-25 07:00:00,21732.2
2022-08-25 08:00:00,21676.4
2022-08-25 09:00:00,21697.5
2022-08-25 10:00:00,21612.5
2022-08-25 11:00:00,21713.1
2022-08-25 12:00:00,21665.0
2022-08-25 13:00:00,21697.8
2022-08-25 14:00:00,21645.5
2022-08-25 15:00:00,21557.0
2022-08-25 16:00:00,21431.5
2022-08-25 17:00:00,21558.3
2022-08-25 18:00:00,21530.0
2022-08-25 19:00:00,21594.3
2022-08-25 20:00:00,21636.0
2022-08-25 21:00:00,21574.7
2022-08-25 22:00:00,21565.4
2022-08-25 23:00:00,21548.3
2022-08-26 00:00:00,21471.3
2022-08-26 01:00:00,21549.5
2022-08-26 02:00:00,21587.8
2022-08-26 03:00:00,21542.0
2022-08-26 04:00:00,21520.0
2022-08-26 05:00:00,21395.2
2022-08-26 06:00:00,21413.1
2022-08-26 07:00:00,21438.4
2022-08-26 08:00:00,21404.1
2022-08-26 09:00:00,21427.0
2022-08-26 10:00:00,21385.0
2022-08-26 11:00:00,21179.7
2022-08-26 12:00:00,21626.6
2022-08-26 13:00:00,21747.6
2022-08-26 14:00:00,21144.9
2022-08-26 15:00:00,20770.1
2022-08-26 16:00:00,20711.5
2022-08-26 17:00:00,20638.6
2022-08-26 18:00:00,20683.7
2022-08-26 19:00:00,20635.5
2022-08-26 20:00:00,20640.9
2022-08-26 21:00:00,20629.7
2022-08-26 22:00:00,20600.2
2022-08-26 23:00:00,20228.7
2022-08-27 00:00:00,20293.3
2022-08-27 01:00:00,20264.5
2022-08-27 02:00:00,20193.1
2022-08-27 03:00:00,20189.9
2022-08-27 04:00:00,20134.8
2022-08-27 05:00:00,20117.4
2022-08-27 06:00:00,20150.9
2022-08-27 07:00:00,20255.0
2022-08-27 08:00:00,20186.6
2022-08-27 09:00:00,20140.1
2022-08-27 10:00:00,20168.8
2022-08-27 11:00:00,20198.6
2022-08-27 12:00:00,20181.5
2022-08-27 13:00:00,20160.9
2022-08-27 14:00:00,20054.2
2022-08-27 15:00:00,19966.1
2022-08-27 16:00:00,19991.0
2022-08-27 17:00:00,19975.8
2022-08-27 18:00:00,19952.0
2022-08-27 19:00:00,20007.1
2022-08-27 20:00:00,19998.7
2022-08-27 21:00:00,19862.0
2022-08-27 22:00:00,20011.2
2022-08-27 23:00:00,20023.9
2022-08-28 00:00:00,19981.6
2022-08-28 01:00:00,20010.6
2022-08-28 02:00:00,19992.5
2022-08-28 03:00:00,19978.7
2022-08-28 04:00:00,19984.5
2022-08-28 05:00:00,20047.0
2022-08-28 06:00:00,20024.2
2022-08-28 07:00:00,20045.0
2022-08-28 08:00:00,20023.7
2022-08-28 09:00:00,20006.6
2022-08-28 10:00:00,19983.4
2022-08-28 11:00:00,20021.9
2022-08-28 12:00:00,19911.2
2022-08-28 13:00:00,19927.2
2022-08-28 14:00:00,19909.3
2022-08-28 15:00:00,20007.5
2022-08-28 16:00:00,19978.7
2022-08-28 17:00:00,19973.5
2022-08-28 18:00:00,19999.0
2022-08-28 19:00:00,19962.5
2022-08-28 20:00:00,19975.4
2022-08-28 21:00:00,19954.1
2022-08-28 22:00:00,19890.6
2022-08-28 23:00:00,19547.5
2022-08-29 00:00:00,19630.1
2022-08-29 01:00:00,19650.8
2022-08-29 02:00:00,19752.4
2022-08-29 03:00:00,19854.6
2022-08-29 04:00:00,19796.0
2022-08-29 05:00:00,19745.3
2022-08-29 06:00:00,19839.5
2022-08-29 07:00:00,19885.3
2022-08-29 08:00:00,19782.8
2022-08-29 09:00:00,19831.9
2022-08-29 10:00:00,19818.9
2022-08-29 11:00:00,19812.0
2022-08-29 12:00:00,19882.6
2022-08-29 13:00:00,20066.8
2022-08-29 14:00:00,20160.0
2022-08-29 15:00:00,20249.1
2022-08-29 16:00:00,20306.9
2022-08-29 17:00:00,20266.9
2022-08-29 18:00:00,20163.6
2022-08-29 19:00:00,20090.5
2022-08-29 20:00:00,20166.3
2022-08-29 21:00:00,20190.4
2022-08-29 22:00:00,20198.0
2022-08-29 23:00:00,20275.5
2022-08-30 00:00:00,20247.0
2022-08-30 01:00:00,20151.1
2022-08-30 02:00:00,20186.2
2022-08-30 03:00:00,20261.3
2022-08-30 04:00:00,20459.1
2022-08-30 05:00:00,20404.1
2022-08-30 06:00:00,20386.6
2022-08-30 07:00:00,20423.3
2022-08-30 08:00:00,20393.0
2022-08-30 09:00:00,20413.3
2022-08-30 10:00:00,20384.4
2022-08-30 11:00:00,20395.8
2022-08-30 12:00:00,20326.4
2022-08-30 13:00:00,20264.2
2022-08-30 14:00:00,19820.8
2022-08-30 15:00:00,19743.8
2022-08-30 16:00:00,19604.9
2022-08-30 17:00:00,19674.1
2022-08-30 18:00:00,19765.9
2022-08-30 19:00:00,19937.1
2022-08-30 20:00:00,19964.5
2022-08-30 21:00:00,19874.7
2022-08-30 22:00:00,19895.6
2022-08-30 23:00:00,19803.1
2022-08-31 00:00:00,19950.0
2022-08-31 01:00:00,20228.8
2022-08-31 02:00:00,20326.6
2022-08-31 03:00:00,20392.6
2022-08-31 04:00:00,20333.7
2022-08-31 05:00:00,20344.2
2022-08-31 06:00:00,20238.5
2022-08-31 07:00:00,20247.5
2022-08-31 08:00:00,20227.3
2022-08-31 09:00:00,20169.0
2022-08-31 10:00:00,20321.7
2022-08-31 11:00:00,20308.0
2022-08-31 12:00:00,20298.0
2022-08-31 13:00:00,20295.5
2022-08-31 14:00:00,20097.0
2022-08-31 15:00:00,20130.5
2022-08-31 16:00:00,20029.5
2022-08-31 17:00:00,19972.3
2022-08-31 18:00:00,19993.9
2022-08-31 19:00:00,20217.7
2022-08-31 20:00:00,20186.6
2022-08-31 21:00:00,20272.2
2022-08-31 22:00:00,20148.2
2022-08-31 23:00:00,20041.5
2022-09-01 00:00:00,20057.2
2022-09-01 01:00:00,20116.7
2022-09-01 02:00:00,20111.3
2022-09-01 03:00:00,20016.9
2022-09-01 04:00:00,20043.8
2022-09-01 05:00:00,20030.7
2022-09-01 06:00:00,19975.8
2022-09-01 07:00:00,19885.7
2022-09-01 08:00:00,19916.9
2022-09-01 09:00:00,19925.7
2022-09-01 10:00:00,20010.9
2022-09-01 11:00:00,20060.9
2022-09-01 12:00:00,19988.2
2022-09-01 13:00:00,19964.0
2022-09-01 14:00:00,19685.3
2022-09-01 15:00:00,19775.8
2022-09-01 16:00:00,19646.5
2022-09-01 17:00:00,19715.5
2022-09-01 18:00:00,19801.2
2022-09-01 19:00:00,19857.4
2022-09-01 20:00:00,20060.4
2022-09-01 21:00:00,20073.6
2022-09-01 22:00:00,20067.3
2022-09-01 23:00:00,20122.5
2022-09-02 00:00:00,20065.2
2022-09-02 01:00:00,20042.4
2022-09-02 02:00:00,20024.0
2022-09-02 03:00:00,20145.1
2022-09-02 04:00:00,20151.6
2022-09-02 05:00:00,20114.9
2022-09-02 06:00:00,20096.8
2022-09-02 07:00:00,20100.5
2022-09-02 08:00:00,20087.3
2022-09-02 09:00:00,20123.1
2022-09-02 10:00:00,20059.3
2022-09-02 11:00:00,20082.4
2022-09-02 12:00:00,20272.0
2022-09-02 13:00:00,20257.4
2022-09-02 14:00:00,20354.0
2022-09-02 15:00:00,20344.8
2022-09-02 16:00:00,20120.9
2022-09-02 17:00:00,19791.3
2022-09-02 18:00:00,19926.4
2022-09-02 19:00:00,19899.3
2022-09-02 20:00:00,19957.0
2022-09-02 21:00:00,19962.0
2022-09-02 22:00:00,19978.1
2022-09-02 23:00:00,19941.0
2022-09-03 00:00:00,19991.8
2022-09-03 01:00:00,19945.6
2022-09-03 02:00:00,19931.4
2022-09-03 03:00:00,19890.3
2022-09-03 04:00:00,19914.9
2022-09-03 05:00:00,19935.5
2022-09-03 06:00:00,19877.4
2022-09-03 07:00:00,19808.2
2022-09-03 08:00:00,19773.6
2022-09-03 09:00:00,19787.7
2022-09-03 10:00:00,19839.5
2022-09-03 11:00:00,19790.0
2022-09-03 12:00:00,19843.3
2022-09-03 13:00:00,19850.4
2022-09-03 14:00:00,19807.4
2022-09-03 15:00:00,19764.3
2022-09-03 16:00:00,19780.6
2022-09-03 17:00:00,19808.1
2022-09-03 18:00:00,19743.0
2022-09-03 19:00:00,19702.9
2022-09-03 20:00:00,19735.9
2022-09-03 21:00:00,19739.7
2022-09-03 22:00:00,19784.8
2022-09-03 23:00:00,19820.7
2022-09-04 00:00:00,19794.9
2022-09-04 01:00:00,19770.1
2022-09-04 02:00:00,19782.5
2022-09-04 03:00:00,19766.0
2022-09-04 04:00:00,19794.3
2022-09-04 05:00:00,19758.8
2022-09-04 06:00:00,19693.0
2022-09-04 07:00:00,19618.5
2022-09-04 08:00:00,19724.2
2022-09-04 09:00:00,19764.7
2022-09-04 10:00:00,19750.0
2022-09-04 11:00:00,19843.0
2022-09-04 12:00:00,19866.6
2022-09-04 13:00:00,19702.4
2022-09-04 14:00:00,19741.0
2022-09-04 15:00:00,19781.6
2022-09-04 16:00:00,19881.9
2022-09-04 17:00:00,19829.7
2022-09-04 18:00:00,19840.0
2022-09-04 19:00:00,19872.7
2022-09-04 20:00:00,19894.2
2022-09-04 21:00:00,19848.7
2022-09-04 22:00:00,19825.4
2022-09-04 23:00:00,19992.7
2022-09-05 00:00:00,19906.4
2022-09-05 01:00:00,19831.8
2022-09-05 02:00:00,19842.1
2022-09-05 03:00:00,19871.9
2022-09-05 04:00:00,19878.0
2022-09-05 05:00:00,19712.0
2022-09-05 06:00:00,19772.0
2022-09-05 07:00:00,19740.0
2022-09-05 08:00:00,19767.6
2022-09-05 09:00:00,19754.8
2022-09-05 10:00:00,19686.3
2022-09-05 11:00:00,19692.9
2022-09-05 12:00:00,19715.9
2022-09-05 13:00:00,19731.0
2022-09-05 14:00:00,19834.6
2022-09-05 15:00:00,19848.1
2022-09-05 16:00:00,19839.4
2022-09-05 17:00:00,19816.9
2022-09-05 18:00:00,19731.2
2022-09-05 19:00:00,19700.9
2022-09-05 20:00:00,19729.1
2022-09-05 21:00:00,19743.3
2022-09-05 22:00:00,19793.7
2022-09-05 23:00:00,19784.9
2022-09-06 00:00:00,20093.6
2022-09-06 01:00:00,19763.0
2022-09-06 02:00:00,19805.9
2022-09-06 03:00:00,19780.2
2022-09-06 04:00:00,19754.1
2022-09-06 05:00:00,19772.2
2022-09-06 06:00:00,19848.2
2022-09-06 07:00:00,19900.7
2022-09-06 08:00:00,20008.3
2022-09-06 09:00:00,19905.6
2022-09-06 10:00:00,19904.9
2022-09-06 11:00:00,19909.2
2022-09-06 12:00:00,19841.1
2022-09-06 13:00:00,19775.2
2022-09-06 14:00:00,19828.3
2022-09-06 15:00:00,19810.1
2022-09-06 16:00:00,19737.7
2022-09-06 17:00:00,19088.2
2022-09-06 18:00:00,18947.4
2022-09-06 19:00:00,18813.0
2022-09-06 20:00:00,18972.9
2022-09-06 21:00:00,18968.5
2022-09-06 22:00:00,18895.1
2022-09-06 23:00:00,18781.5
2022-09-07 00:00:00,18821.5
2022-09-07 01:00:00,18779.0
2022-09-07 02:00:00,18603.7
2022-09-07 03:00:00,18736.3
2022-09-07 04:00:00,18714.9
2022-09-07 05:00:00,18750.6
2022-09-07 06:00:00,18785.6
2022-09-07 07:00:00,18791.5
2022-09-07 08:00:00,18795.2
2022-09-07 09:00:00,18777.5
2022-09-07 10:00:00,18738.3
2022-09-07 11:00:00,18729.5
2022-09-07 12:00:00,18771.3
2022-09-07 13:00:00,18830.0
2022-09-07 14:00:00,18892.3
2022-09-07 15:00:00,18863.3
2022-09-07 16:00:00,18903.5
2022-09-07 17:00:00,18986.0
2022-09-07 18:00:00,19063.6
2022-09-07 19:00:00,18982.1
2022-09-07 20:00:00,19374.8
2022-09-07 21:00:00,19350.5
2022-09-07 22:00:00,19328.6
2022-09-07 23:00:00,19287.0
2022-09-08 00:00:00,19294.9
2022-09-08 01:00:00,19172.8
2022-09-08 02:00:00,19226.5
2022-09-08 03:00:00,19209.1
2022-09-08 04:00:00,19342.3
2022-09-08 05:00:00,19295.9
2022-09-08 06:00:00,19228.4
2022-09-08 07:00:00,19164.0
2022-09-08 08:00:00,19217.9
2022-09-08 09:00:00,19177.6
2022-09-08 10:00:00,19296.2
2022-09-08 11:00:00,19303.1
2022-09-08 12:00:00,19137.0
2022-09-08 13:00:00,19215.1
2022-09-08 14:00:00,19307.8
2022-09-08 15:00:00,19240.4
2022-09-08 16:00:00,19178.7
2022-09-08 17:00:00,19191.1
2022-09-08 18:00:00,19194.2
2022-09-08 19:00:00,19341.7
2022-09-08 20:00:00,19366.8
2022-09-08 21:00:00,19322.1
2022-09-08 22:00:00,19294.0
2022-09-08 23:00:00,19309.3
2022-09-09 00:00:00,19355.9
2022-09-09 01:00:00,19325.0
2022-09-09 02:00:00,19384.4
2022-09-09 03:00:00,19936.0
2022-09-09 04:00:00,20350.4
2022-09-09 05:00:00,20526.3
2022-09-09 06:00:00,20684.9
2022-09-09 07:00:00,20623.6
2022-09-09 08:00:00,20766.6
2022-09-09 09:00:00,20742.3
2022-09-09 10:00:00,21068.4
2022-09-09 11:00:00,20931.7
2022-09-09 12:00:00,21070.3
2022-09-09 13:00:00,20998.8
2022-09-09 14:00:00,21092.4
2022-09-09 15:00:00,21258.5
2022-09-09 16:00:00,21288.4
2022-09-09 17:00:00,21237.4
2022-09-09 18:00:00,21161.9
2022-09-09 19:00:00,21280.0
2022-09-09 20:00:00,21287.1
2022-09-09 21:00:00,21241.7
2022-09-09 22:00:00,21340.1
2022-09-09 23:00:00,21352.0
2022-09-10 00:00:00,21250.3
2022-09-10 01:00:00,21281.9
2022-09-10 02:00:00,21294.7
2022-09-10 03:00:00,21294.5
2022-09-10 04:00:00,21447.4
2022-09-10 05:00:00,21532.2
2022-09-10 06:00:00,21515.5
2022-09-10 07:00:00,21274.9
2022-09-10 08:00:00,21318.2
2022-09-10 09:00:00,21313.7
2022-09-10 10:00:00,21333.4
2022-09-10 11:00:00,21279.0
2022-09-10 12:00:00,21302.4
2022-09-10 13:00:00,21167.0
2022-09-10 14:00:00,21234.4
2022-09-10 15:00:00,21213.3
2022-09-10 16:00:00,21401.1
2022-09-10 17:00:00,21281.4
2022-09-10 18:00:00,21436.1
2022-09-10 19:00:00,21569.4
2022-09-10 20:00:00,21414.3
2022-09-10 21:00:00,21594.0
2022-09-10 22:00:00,21750.5
2022-09-10 23:00:00,21639.5
2022-09-11 00:00:00,21540.4
2022-09-11 01:00:00,21600.7
2022-09-11 02:00:00,21500.2
2022-09-11 03:00:00,21537.4
2022-09-11 04:00:00,21549.1
2022-09-11 05:00:00,21579.9
2022-09-11 06:00:00,21437.9
2022-09-11 07:00:00,21599.9
2022-09-11 08:00:00,21663.7
2022-09-11 09:00:00,21591.4
2022-09-11 10:00:00,21584.3
2022-09-11 11:00:00,21601.9
2022-09-11 12:00:00,21607.9
2022-09-11 13:00:00,21531.5
2022-09-11 14:00:00,21502.7
2022-09-11 15:00:00,21633.9
2022-09-11 16:00:00,21669.2
2022-09-11 17:00:00,21621.4
2022-09-11 18:00:00,21541.7
2022-09-11 19:00:00,21610.5
2022-09-11 20:00:00,21628.2
2022-09-11 21:00:00,21502.7
2022-09-11 22:00:00,21629.9
2022-09-11 23:00:00,21820.3
2022-09-12 00:00:00,21632.0
2022-09-12 01:00:00,22036.5
2022-09-12 02:00:00,21759.9
2022-09-12 03:00:00,21649.2
2022-09-12 04:00:00,21706.9
2022-09-12 05:00:00,21775.9
2022-09-12 06:00:00,21810.1
2022-09-12 07:00:00,22180.9
2022-09-12 08:00:00,22222.5
2022-09-12 09:00:00,22160.3
2022-09-12 10:00:00,22148.0
2022-09-12 11:00:00,22301.0
2022-09-12 12:00:00,22346.3
2022-09-12 13:00:00,22383.6
2022-09-12 14:00:00,22304.6
2022-09-12 15:00:00,22106.0
2022-09-12 16:00:00,22209.9
2022-09-12 17:00:00,22348.5
2022-09-12 18:00:00,22390.3
2022-09-12 19:00:00,22415.0
2022-09-12 20:00:00,22395.8
2022-09-12 21:00:00,22330.7
2022-09-12 22:00:00,22312.3
2022-09-12 23:00:00,22386.0
2022-09-13 00:00:00,22205.3
2022-09-13 01:00:00,22230.3
2022-09-13 02:00:00,22248.0
2022-09-13 03:00:00,22225.7
2022-09-13 04:00:00,22277.7
2022-09-13 05:00:00,22378.2
2022-09-13 06:00:00,22309.0
2022-09-13 07:00:00,22267.8
2022-09-13 08:00:00,22224.3
2022-09-13 09:00:00,22377.7
2022-09-13 10:00:00,22521.5
2022-09-13 11:00:00,22516.3
2022-09-13 12:00:00,21397.2
2022-09-13 13:00:00,21188.3
2022-09-13 14:00:00,21001.4
2022-09-13 15:00:00,20823.9
2022-09-13 16:00:00,20758.7
2022-09-13 17:00:00,20754.2
2022-09-13 18:00:00,20240.2
2022-09-13 19:00:00,20272.0
2022-09-13 20:00:00,20228.0
2022-09-13 21:00:00,20119.0
2022-09-13 22:00:00,20213.6
2022-09-13 23:00:00,20162.5
2022-09-14 00:00:00,20190.4
2022-09-14 01:00:00,20290.6
2022-09-14 02:00:00,20434.0
2022-09-14 03:00:00,20313.2
2022-09-14 04:00:00,20379.7
2022-09-14 05:00:00,20305.8
2022-09-14 06:00:00,20231.9
2022-09-14 07:00:00,20235.3
2022-09-14 08:00:00,20373.2
2022-09-14 09:00:00,20339.9
2022-09-14 10:00:00,20331.1
2022-09-14 11:00:00,20219.8
2022-09-14 12:00:00,20300.3
2022-09-14 13:00:00,20297.2
2022-09-14 14:00:00,20281.6
2022-09-14 15:00:00,20165.6
2022-09-14 16:00:00,20134.2
2022-09-14 17:00:00,20094.6
2022-09-14 18:00:00,19766.1
2022-09-14 19:00:00,19935.1
2022-09-14 20:00:00,19934.1
2022-09-14 21:00:00,20191.4
2022-09-14 22:00:00,20286.6
2022-09-14 23:00:00,20217.0
2022-09-15 00:00:00,20149.2
2022-09-15 01:00:00,20184.8
2022-09-15 02:00:00,20090.0
2022-09-15 03:00:00,20015.9
2022-09-15 04:00:00,20016.1
2022-09-15 05:00:00,20138.5
2022-09-15 06:00:00,20094.6
2022-09-15 07:00:00,20195.2
2022-09-15 08:00:00,20141.0
2022-09-15 09:00:00,20120.0
2022-09-15 10:00:00,20141.0
2022-09-15 11:00:00,20140.9
2022-09-15 12:00:00,20116.0
2022-09-15 13:00:00,20109.9
2022-09-15 14:00:00,19697.9
2022-09-15 15:00:00,19728.8
2022-09-15 16:00:00,19856.4
2022-09-15 17:00:00,19820.3
2022-09-15 18:00:00,19751.7
2022-09-15 19:00:00,19774.9
2022-09-15 20:00:00,19843.7
2022-09-15 21:00:00,19818.2
2022-09-15 22:00:00,19721.0
2022-09-15 23:00:00,19690.8
2022-09-16 00:00:00,19778.0
2022-09-16 01:00:00,19721.4
2022-09-16 02:00:00,19742.6
2022-09-16 03:00:00,19738.4
2022-09-16 04:00:00,19811.8
2022-09-16 05:00:00,19745.7
2022-09-16 06:00:00,19755.2
2022-09-16 07:00:00,19730.5
2022-09-16 08:00:00,19679.1
2022-09-16 09:00:00,19746.2
2022-09-16 10:00:00,19786.2
2022-09-16 11:00:00,19856.0
2022-09-16 12:00:00,19682.0
2022-09-16 13:00:00,19519.3
2022-09-16 14:00:00,19653.3
2022-09-16 15:00:00,19653.3
2022-09-16 16:00:00,19526.4
2022-09-16 17:00:00,19435.3
2022-09-16 18:00:00,19549.5
2022-09-16 19:00:00,19605.9
2022-09-16 20:00:00,19746.6
2022-09-16 21:00:00,19736.5
2022-09-16 22:00:00,19719.1
2022-09-16 23:00:00,19792.5
2022-09-17 00:00:00,19937.7
2022-09-17 01:00:00,19990.6
2022-09-17 02:00:00,19898.0
2022-09-17 03:00:00,19875.0
2022-09-17 04:00:00,19927.1
2022-09-17 05:00:00,19849.9
2022-09-17 06:00:00,19829.4
2022-09-17 07:00:00,19834.0
2022-09-17 08:00:00,19869.0
2022-09-17 09:00:00,19867.5
2022-09-17 10:00:00,19855.1
2022-09-17 11:00:00,19800.8
2022-09-17 12:00:00,19849.6
2022-09-17 13:00:00,19889.7
2022-09-17 14:00:00,19912.8
2022-09-17 15:00:00,19951.6
2022-09-17 16:00:00,20118.8
2022-09-17 17:00:00,20070.8
2022-09-17 18:00:00,20060.0
2022-09-17 19:00:00,20001.2
2022-09-17 20:00:00,20068.8
2022-09-17 21:00:00,20026.1
2022-09-17 22:00:00,20116.4
2022-09-17 23:00:00,20102.0
2022-09-18 00:00:00,19974.0
2022-09-18 01:00:00,19988.2
2022-09-18 02:00:00,20026.5
2022-09-18 03:00:00,19990.9
2022-09-18 04:00:00,20004.0
2022-09-18 05:00:00,20059.6
2022-09-18 06:00:00,20031.1
2022-09-18 07:00:00,20041.2
2022-09-18 08:00:00,20042.6
2022-09-18 09:00:00,19824.5
2022-09-18 10:00:00,19909.5
2022-09-18 11:00:00,19915.2
2022-09-18 12:00:00,19976.6
2022-09-18 13:00:00,19955.7
2022-09-18 14:00:00,19800.1
2022-09-18 15:00:00,19804.5
2022-09-18 16:00:00,19739.8
2022-09-18 17:00:00,19626.4
2022-09-18 18:00:00,19630.0
2022-09-18 19:00:00,19715.6
2022-09-18 20:00:00,19714.0
2022-09-18 21:00:00,19451.4
2022-09-18 22:00:00,19435.4
2022-09-18 23:00:00,19404.5
2022-09-19 00:00:00,19449.0
2022-09-19 01:00:00,19437.8
2022-09-19 02:00:00,18754.9
2022-09-19 03:00:00,18766.2
2022-09-19 04:00:00,18804.5
2022-09-19 05:00:00,18448.4
2022-09-19 06:00:00,18464.4
2022-09-19 07:00:00,18459.6
2022-09-19 08:00:00,18406.4
2022-09-19 09:00:00,18449.9
2022-09-19 10:00:00,18766.0
2022-09-19 11:00:00,18672.6
2022-09-19 12:00:00,18806.6
2022-09-19 13:00:00,19095.9
2022-09-19 14:00:00,19295.4
2022-09-19 15:00:00,19071.1
2022-09-19 16:00:00,19198.6
2022-09-19 17:00:00,18956.4
2022-09-19 18:00:00,19147.9
2022-09-19 19:00:00,19504.7
2022-09-19 20:00:00,19509.9
2022-09-19 21:00:00,19509.9
2022-09-19 22:00:00,19594.6
2022-09-19 23:00:00,19528.6
2022-09-20 00:00:00,19509.9
2022-09-20 01:00:00,19455.6
2022-09-20 02:00:00,19461.1
2022-09-20 03:00:00,19353.7
2022-09-20 04:00:00,19325.0
2022-09-20 05:00:00,19361.7
2022-09-20 06:00:00,19373.0
2022-09-20 07:00:00,19349.9
2022-09-20 08:00:00,19295.0
2022-09-20 09:00:00,19222.5
2022-09-20 10:00:00,19301.7
2022-09-20 11:00:00,19209.6
2022-09-20 12:00:00,19117.2
2022-09-20 13:00:00,18911.8
2022-09-20 14:00:00,19061.3
2022-09-20 15:00:00,19225.6
2022-09-20 16:00:00,19090.2
2022-09-20 17:00:00,18756.8
2022-09-20 18:00:00,18962.5
2022-09-20 19:00:00,18985.2
2022-09-20 20:00:00,18962.9
2022-09-20 21:00:00,18870.2
2022-09-20 22:00:00,18953.2
2022-09-20 23:00:00,18866.8
2022-09-21 00:00:00,18925.0
2022-09-21 01:00:00,18879.6
2022-09-21 02:00:00,19003.4
2022-09-21 03:00:00,19011.8
2022-09-21 04:00:00,18994.0
2022-09-21 05:00:00,18914.8
2022-09-21 06:00:00,18866.0
2022-09-21 07:00:00,18938.8
2022-09-21 08:00:00,18865.7
2022-09-21 09:00:00,18988.8
2022-09-21 10:00:00,19094.9
2022-09-21 11:00:00,19155.6
2022-09-21 12:00:00,19234.5
2022-09-21 13:00:00,19263.6
2022-09-21 14:00:00,19245.5
2022-09-21 15:00:00,19182.5
2022-09-21 16:00:00,19227.0
2022-09-21 17:00:00,19846.4
2022-09-21 18:00:00,19627.5
2022-09-21 19:00:00,18990.3
2022-09-21 20:00:00,18916.3
2022-09-21 21:00:00,18455.4
2022-09-21 22:00:00,18472.6
2022-09-21 23:00:00,18447.5
2022-09-22 00:00:00,18377.5
2022-09-22 01:00:00,18501.2
2022-09-22 02:00:00,18733.8
2022-09-22 03:00:00,18677.6
2022-09-22 04:00:00,18694.8
2022-09-22 05:00:00,18659.5
2022-09-22 06:00:00,18759.2
2022-09-22 07:00:00,18923.8
2022-09-22 08:00:00,19195.0
2022-09-22 09:00:00,19171.5
2022-09-22 10:00:00,19140.1
2022-09-22 11:00:00,19220.1
2022-09-22 12:00:00,19191.9
2022-09-22 13:00:00,18893.2
2022-09-22 14:00:00,18869.3
2022-09-22 15:00:00,18975.5
2022-09-22 16:00:00,19030.2
2022-09-22 17:00:00,19061.4
2022-09-22 18:00:00,19185.6
2022-09-22 19:00:00,19304.2
2022-09-22 20:00:00,19241.0
2022-09-22 21:00:00,19165.0
2022-09-22 22:00:00,19387.0
2022-09-22 23:00:00,19392.5
2022-09-23 00:00:00,19300.1
2022-09-23 01:00:00,19347.1
2022-09-23 02:00:00,19286.0
2022-09-23 03:00:00,19384.0
2022-09-23 04:00:00,19402.4
2022-09-23 05:00:00,19347.5
2022-09-23 06:00:00,19323.5
2022-09-23 07:00:00,19216.4
2022-09-23 08:00:00,19061.7
2022-09-23 09:00:00,19075.0
2022-09-23 10:00:00,18954.0
2022-09-23 11:00:00,18854.5
2022-09-23 12:00:00,18888.3
2022-09-23 13:00:00,18627.3
2022-09-23 14:00:00,18665.0
2022-09-23 15:00:00,18704.4
2022-09-23 16:00:00,18757.7
2022-09-23 17:00:00,18764.1
2022-09-23 18:00:00,18626.2
2022-09-23 19:00:00,18798.7
2022-09-23 20:00:00,18841.1
2022-09-23 21:00:00,18999.9
2022-09-23 22:00:00,19325.4
2022-09-23 23:00:00,19280.7
2022-09-24 00:00:00,19138.3
2022-09-24 01:00:00,19110.1
2022-09-24 02:00:00,19118.0
2022-09-24 03:00:00,19113.3
2022-09-24 04:00:00,19154.9
2022-09-24 05:00:00,19126.5
2022-09-24 06:00:00,19068.5
2022-09-24 07:00:00,18985.6
2022-09-24 08:00:00,19072.3
2022-09-24 09:00:00,19014.7
2022-09-24 10:00:00,19030.0
2022-09-24 11:00:00,19044.7
2022-09-24 12:00:00,19146.1
2022-09-24 13:00:00,19108.7
2022-09-24 14:00:00,19076.4
2022-09-24 15:00:00,19115.2
2022-09-24 16:00:00,19084.0
2022-09-24 17:00:00,19076.2
2022-09-24 18:00:00,19118.9
2022-09-24 19:00:00,19093.0
2022-09-24 20:00:00,19134.1
2022-09-24 21:00:00,18941.4
2022-09-24 22:00:00,18875.6
2022-09-24 23:00:00,18911.0
2022-09-25 00:00:00,18952.1
2022-09-25 01:00:00,18968.0
2022-09-25 02:00:00,18938.5
2022-09-25 03:00:00,19044.5
2022-09-25 04:00:00,18999.5
2022-09-25 05:00:00,18983.0
2022-09-25 06:00:00,19017.7
2022-09-25 07:00:00,19089.2
2022-09-25 08:00:00,19075.0
2022-09-25 09:00:00,19033.3
2022-09-25 10:00:00,19062.2
2022-09-25 11:00:00,19108.0
2022-09-25 12:00:00,19079.8
2022-09-25 13:00:00,18925.2
2022-09-25 14:00:00,18907.0
2022-09-25 15:00:00,18978.3
2022-09-25 16:00:00,18964.9
2022-09-25 17:00:00,18996.2
2022-09-25 18:00:00,18923.0
2022-09-25 19:00:00,18906.5
2022-09-25 20:00:00,18894.3
2022-09-25 21:00:00,18736.0
2022-09-25 22:00:00,18778.5
2022-09-25 23:00:00,18799.7
2022-09-26 00:00:00,18766.2
2022-09-26 01:00:00,18871.7
2022-09-26 02:00:00,18848.0
2022-09-26 03:00:00,18862.7
2022-09-26 04:00:00,18800.5
2022-09-26 05:00:00,18760.2
2022-09-26 06:00:00,18690.1
2022-09-26 07:00:00,18902.3
2022-09-26 08:00:00,19264.6
2022-09-26 09:00:00,19076.6
2022-09-26 10:00:00,19084.0
2022-09-26 11:00:00,18864.7
2022-09-26 12:00:00,19085.4
2022-09-26 13:00:00,19180.8
2022-09-26 14:00:00,19130.1
2022-09-26 15:00:00,19103.9
2022-09-26 16:00:00,19074.8
2022-09-26 17:00:00,19104.2
2022-09-26 18:00:00,19159.3
2022-09-26 19:00:00,19191.0
2022-09-26 20:00:00,19104.1
2022-09-26 21:00:00,19085.6
2022-09-26 22:00:00,19131.2
2022-09-26 23:00:00,19216.3
2022-09-27 00:00:00,19336.0
2022-09-27 01:00:00,19758.7
2022-09-27 02:00:00,20083.9
2022-09-27 03:00:00,20091.9
2022-09-27 04:00:00,20039.4
2022-09-27 05:00:00,20199.6
2022-09-27 06:00:00,20183.9
2022-09-27 07:00:00,20174.2
2022-09-27 08:00:00,20137.5
2022-09-27 09:00:00,20173.2
2022-09-27 10:00:00,20213.6
2022-09-27 11:00:00,20221.1
2022-09-27 12:00:00,20260.1
2022-09-27 13:00:00,20185.2
2022-09-27 14:00:00,20196.3
2022-09-27 15:00:00,19885.3
2022-09-27 16:00:00,19102.1
2022-09-27 17:00:00,18946.9
2022-09-27 18:00:00,19130.1
2022-09-27 19:00:00,19068.7
2022-09-27 20:00:00,19067.2
2022-09-27 21:00:00,18984.0
2022-09-27 22:00:00,19066.6
2022-09-27 23:00:00,19070.1
2022-09-28 00:00:00,19085.8
2022-09-28 01:00:00,18997.9
2022-09-28 02:00:00,18623.8
2022-09-28 03:00:00,18736.0
2022-09-28 04:00:00,18757.5
2022-09-28 05:00:00,18814.8
2022-09-28 06:00:00,18685.5
2022-09-28 07:00:00,18770.6
2022-09-28 08:00:00,18731.6
2022-09-28 09:00:00,18643.9
2022-09-28 10:00:00,18996.2
2022-09-28 11:00:00,18947.6
2022-09-28 12:00:00,19063.2
2022-09-28 13:00:00,19113.6
2022-09-28 14:00:00,19372.8
2022-09-28 15:00:00,19477.9
2022-09-28 16:00:00,19501.0
2022-09-28 17:00:00,19337.9
2022-09-28 18:00:00,19547.2
2022-09-28 19:00:00,19534.7
2022-09-28 20:00:00,19560.2
2022-09-28 21:00:00,19606.8
2022-09-28 22:00:00,19477.5
2022-09-28 23:00:00,19407.3
2022-09-29 00:00:00,19430.0
2022-09-29 01:00:00,19488.7
2022-09-29 02:00:00,19429.7
2022-09-29 03:00:00,19497.3
2022-09-29 04:00:00,19572.2
2022-09-29 05:00:00,19446.6
2022-09-29 06:00:00,19375.3
2022-09-29 07:00:00,19353.1
2022-09-29 08:00:00,19337.0
2022-09-29 09:00:00,19471.7
2022-09-29 10:00:00,19427.8
2022-09-29 11:00:00,19454.3
2022-09-29 12:00:00,19205.6
2022-09-29 13:00:00,18981.0
2022-09-29 14:00:00,19190.1
2022-09-29 15:00:00,19280.7
2022-09-29 16:00:00,19441.4
2022-09-29 17:00:00,19257.4
2022-09-29 18:00:00,19293.7
2022-09-29 19:00:00,19399.3
2022-09-29 20:00:00,19499.4
2022-09-29 21:00:00,19425.5
2022-09-29 22:00:00,19447.5
2022-09-29 23:00:00,19582.5
2022-09-30 00:00:00,19541.6
2022-09-30 01:00:00,19500.7
2022-09-30 02:00:00,19355.0
2022-09-30 03:00:00,19394.0
2022-09-30 04:00:00,19424.2
2022-09-30 05:00:00,19439.9
2022-09-30 06:00:00,19438.6
2022-09-30 07:00:00,19560.8
2022-09-30 08:00:00,19618.0
2022-09-30 09:00:00,19521.6
2022-09-30 10:00:00,19479.8
2022-09-30 11:00:00,19430.3
2022-09-30 12:00:00,19290.5
2022-09-30 13:00:00,19465.3
2022-09-30 14:00:00,19981.4
2022-09-30 15:00:00,19749.4
2022-09-30 16:00:00,19704.9
2022-09-30 17:00:00,19669.0
2022-09-30 18:00:00,19660.3
2022-09-30 19:00:00,19467.0
2022-09-30 20:00:00,19416.2
2022-09-30 21:00:00,19352.0
2022-09-30 22:00:00,19378.0
2022-09-30 23:00:00,19411.7
2022-10-01 00:00:00,19393.1
